soilmiosture,temperature,note,status,class
377,29.1,0,0,Very Dry
379,29.08,0,0,Very Dry
376,29.06,0,0,Very Dry
377,29.05,0,0,Very Dry
379,29.03,0,0,Very Dry
376,29.02,0,0,Very Dry
380,29,0,0,Very Dry
380,28.99,0,0,Very Dry
380,28.97,0,0,Very Dry
379,28.96,0,0,Very Dry
379,28.95,0,0,Very Dry
378,28.94,0,0,Very Dry
379,28.92,0,0,Very Dry
382,28.91,0,0,Very Dry
380,28.9,0,0,Very Dry
379,28.89,0,0,Very Dry
381,28.88,0,0,Very Dry
376,28.87,0,0,Very Dry
377,28.86,0,0,Very Dry
381,28.85,0,0,Very Dry
380,28.83,0,0,Very Dry
381,28.82,0,0,Very Dry
384,28.81,0,0,Very Dry
383,28.8,0,0,Very Dry
385,28.79,0,0,Very Dry
383,28.79,0,0,Very Dry
382,28.78,0,0,Very Dry
383,28.77,0,0,Very Dry
382,28.77,0,0,Very Dry
381,28.76,0,0,Very Dry
382,28.75,0,0,Very Dry
380,28.75,0,0,Very Dry
383,28.74,0,0,Very Dry
389,28.74,0,0,Very Dry
320,28.73,1,0,Dry
284,28.73,1,0,Dry
250,28.82,2,1,Wet
205,29.08,2,1,Wet
188,29.4,3,1,Very Wet
183,29.7,3,1,Very Wet
181,29.92,3,1,Very Wet
180,30.09,3,1,Very Wet
180,30.21,3,1,Very Wet
179,30.3,3,1,Very Wet
177,30.36,3,1,Very Wet
178,30.4,3,1,Very Wet
177,30.42,3,1,Very Wet
177,30.43,3,1,Very Wet
176,30.43,3,1,Very Wet
178,30.43,3,1,Very Wet
176,30.41,3,1,Very Wet
177,30.39,3,1,Very Wet
177,30.37,3,1,Very Wet
176,30.34,3,1,Very Wet
176,30.31,3,1,Very Wet
176,30.28,3,1,Very Wet
176,30.24,3,1,Very Wet
176,30.2,3,1,Very Wet
175,30.17,3,1,Very Wet
175,30.13,3,1,Very Wet
176,30.12,3,1,Very Wet
174,30.08,3,1,Very Wet
175,30.05,3,1,Very Wet
174,30.01,3,1,Very Wet
176,29.98,3,1,Very Wet
175,29.94,3,1,Very Wet
174,29.91,3,1,Very Wet
175,29.88,3,1,Very Wet
175,29.84,3,1,Very Wet
175,29.81,3,1,Very Wet
174,29.78,3,1,Very Wet
176,29.75,3,1,Very Wet
174,29.73,3,1,Very Wet
173,29.7,3,1,Very Wet
175,29.67,3,1,Very Wet
174,29.64,3,1,Very Wet
174,29.61,3,1,Very Wet
175,29.59,3,1,Very Wet
174,29.56,3,1,Very Wet
176,29.53,3,1,Very Wet
174,29.51,3,1,Very Wet
173,29.48,3,1,Very Wet
172,29.46,3,1,Very Wet
164,29.43,3,1,Very Wet
157,29.42,3,1,Very Wet
157,29.4,3,1,Very Wet
172,29.38,3,1,Very Wet
164,29.36,3,1,Very Wet
182,29.35,3,1,Very Wet
172,29.33,3,1,Very Wet
167,29.31,3,1,Very Wet
456,29.3,0,0,Very Dry
454,29.29,0,0,Very Dry
376,29.27,0,0,Very Dry
369,29.26,0,0,Very Dry
368,29.25,0,0,Very Dry
367,29.24,0,0,Very Dry
368,29.23,0,0,Very Dry
368,29.21,0,0,Very Dry
364,29.2,0,0,Very Dry
363,29.18,0,0,Very Dry
363,29.17,0,0,Very Dry
363,29.16,0,0,Very Dry
360,29.14,0,0,Very Dry
363,29.13,0,0,Very Dry
362,29.12,0,0,Very Dry
364,29.1,0,0,Very Dry
365,29.1,0,0,Very Dry
364,29.08,0,0,Very Dry
365,29.06,0,0,Very Dry
368,29.05,0,0,Very Dry
362,29.04,0,0,Very Dry
363,29.02,0,0,Very Dry
363,29,0,0,Very Dry
362,28.99,0,0,Very Dry
363,28.98,0,0,Very Dry
362,28.96,0,0,Very Dry
367,28.96,0,0,Very Dry
364,28.94,0,0,Very Dry
365,28.93,0,0,Very Dry
368,28.92,0,0,Very Dry
362,28.91,0,0,Very Dry
367,28.9,0,0,Very Dry
362,28.89,0,0,Very Dry
391,28.87,0,0,Very Dry
323,28.86,1,0,Dry
267,28.85,2,1,Wet
224,28.85,2,1,Wet
204,28.94,2,1,Wet
188,29.28,3,1,Very Wet
183,29.66,3,1,Very Wet
182,29.94,3,1,Very Wet
182,30.14,3,1,Very Wet
182,30.28,3,1,Very Wet
181,30.38,3,1,Very Wet
179,30.46,3,1,Very Wet
182,30.5,3,1,Very Wet
181,30.53,3,1,Very Wet
181,30.55,3,1,Very Wet
180,30.55,3,1,Very Wet
180,30.54,3,1,Very Wet
178,30.53,3,1,Very Wet
179,30.51,3,1,Very Wet
179,30.48,3,1,Very Wet
178,30.44,3,1,Very Wet
180,30.4,3,1,Very Wet
179,30.36,3,1,Very Wet
179,30.32,3,1,Very Wet
179,30.27,3,1,Very Wet
181,30.22,3,1,Very Wet
179,30.18,3,1,Very Wet
179,30.14,3,1,Very Wet
179,30.09,3,1,Very Wet
179,30.07,3,1,Very Wet
179,30.03,3,1,Very Wet
178,29.99,3,1,Very Wet
178,29.95,3,1,Very Wet
179,29.91,3,1,Very Wet
178,29.87,3,1,Very Wet
178,29.83,3,1,Very Wet
178,29.8,3,1,Very Wet
178,29.76,3,1,Very Wet
179,29.73,3,1,Very Wet
178,29.7,3,1,Very Wet
180,29.67,3,1,Very Wet
168,29.65,3,1,Very Wet
178,29.62,3,1,Very Wet
176,29.59,3,1,Very Wet
178,29.57,3,1,Very Wet
177,29.54,3,1,Very Wet
177,29.51,3,1,Very Wet
179,29.49,3,1,Very Wet
178,29.46,3,1,Very Wet
179,29.44,3,1,Very Wet
178,29.42,3,1,Very Wet
177,29.39,3,1,Very Wet
178,29.37,3,1,Very Wet
177,29.35,3,1,Very Wet
178,29.34,3,1,Very Wet
177,29.31,3,1,Very Wet
176,29.29,3,1,Very Wet
178,29.27,3,1,Very Wet
179,29.25,3,1,Very Wet
178,29.22,3,1,Very Wet
177,29.2,3,1,Very Wet
193,29.18,3,1,Very Wet
177,29.17,3,1,Very Wet
176,29.15,3,1,Very Wet
179,29.13,3,1,Very Wet
178,29.11,3,1,Very Wet
178,29.1,3,1,Very Wet
178,29.08,3,1,Very Wet
177,29.07,3,1,Very Wet
178,29.05,3,1,Very Wet
178,29.03,3,1,Very Wet
178,29.02,3,1,Very Wet
178,29,3,1,Very Wet
178,28.99,3,1,Very Wet
179,28.97,3,1,Very Wet
176,28.96,3,1,Very Wet
178,28.94,3,1,Very Wet
177,28.93,3,1,Very Wet
176,28.92,3,1,Very Wet
178,28.9,3,1,Very Wet
178,28.89,3,1,Very Wet
176,28.87,3,1,Very Wet
179,28.85,3,1,Very Wet
178,28.84,3,1,Very Wet
176,28.82,3,1,Very Wet
178,28.81,3,1,Very Wet
178,28.79,3,1,Very Wet
176,28.78,3,1,Very Wet
177,28.77,3,1,Very Wet
177,28.75,3,1,Very Wet
176,28.75,3,1,Very Wet
177,28.74,3,1,Very Wet
178,28.72,3,1,Very Wet
178,28.71,3,1,Very Wet
176,28.7,3,1,Very Wet
176,28.69,3,1,Very Wet
177,28.68,3,1,Very Wet
178,28.66,3,1,Very Wet
178,28.65,3,1,Very Wet
176,28.64,3,1,Very Wet
178,28.63,3,1,Very Wet
177,28.62,3,1,Very Wet
177,28.61,3,1,Very Wet
177,28.6,3,1,Very Wet
177,28.58,3,1,Very Wet
177,28.57,3,1,Very Wet
176,28.56,3,1,Very Wet
176,28.55,3,1,Very Wet
176,28.54,3,1,Very Wet
176,28.52,3,1,Very Wet
177,28.51,3,1,Very Wet
176,28.5,3,1,Very Wet
176,28.49,3,1,Very Wet
176,28.48,3,1,Very Wet
180,28.51,3,1,Very Wet
176,28.62,3,1,Very Wet
175,28.94,3,1,Very Wet
177,29.28,3,1,Very Wet
176,29.52,3,1,Very Wet
448,29.7,0,0,Very Dry
464,29.84,0,0,Very Dry
378,29.93,0,0,Very Dry
367,29.99,0,0,Very Dry
368,30.03,0,0,Very Dry
363,30.06,0,0,Very Dry
368,30.07,0,0,Very Dry
373,30.07,0,0,Very Dry
374,30.06,0,0,Very Dry
371,30.04,0,0,Very Dry
369,30.02,0,0,Very Dry
369,29.99,0,0,Very Dry
368,29.96,0,0,Very Dry
369,29.93,0,0,Very Dry
370,29.89,0,0,Very Dry
372,29.86,0,0,Very Dry
370,29.82,0,0,Very Dry
370,29.79,0,0,Very Dry
371,29.77,0,0,Very Dry
370,29.73,0,0,Very Dry
368,29.69,0,0,Very Dry
369,29.66,0,0,Very Dry
368,29.62,0,0,Very Dry
369,29.59,0,0,Very Dry
369,29.55,0,0,Very Dry
369,29.52,0,0,Very Dry
368,29.49,0,0,Very Dry
370,29.46,0,0,Very Dry
373,29.43,0,0,Very Dry
371,29.41,0,0,Very Dry
368,29.38,0,0,Very Dry
368,29.36,0,0,Very Dry
370,29.33,0,0,Very Dry
368,29.3,0,0,Very Dry
370,29.27,0,0,Very Dry
374,29.25,0,0,Very Dry
372,29.22,0,0,Very Dry
373,29.2,0,0,Very Dry
373,29.17,0,0,Very Dry
380,29.16,0,0,Very Dry
371,29.14,0,0,Very Dry
372,29.11,0,0,Very Dry
372,29.09,0,0,Very Dry
371,29.07,0,0,Very Dry
373,29.05,0,0,Very Dry
371,29.03,0,0,Very Dry
369,29.01,0,0,Very Dry
372,28.99,0,0,Very Dry
369,28.97,0,0,Very Dry
370,28.95,0,0,Very Dry
370,28.95,0,0,Very Dry
370,28.93,0,0,Very Dry
371,28.91,0,0,Very Dry
369,28.9,0,0,Very Dry
368,28.88,0,0,Very Dry
353,28.87,0,0,Very Dry
316,28.85,1,0,Dry
261,28.84,2,1,Wet
216,28.82,2,1,Wet
196,28.81,3,1,Very Wet
181,28.8,3,1,Very Wet
176,28.79,3,1,Very Wet
182,28.78,3,1,Very Wet
176,28.77,3,1,Very Wet
177,28.76,3,1,Very Wet
176,28.75,3,1,Very Wet
217,28.74,2,1,Wet
214,28.73,2,1,Wet
211,28.72,2,1,Wet
211,28.71,2,1,Wet
211,28.7,2,1,Wet
211,28.69,2,1,Wet
211,28.69,2,1,Wet
212,28.68,2,1,Wet
211,28.68,2,1,Wet
211,28.67,2,1,Wet
210,28.66,2,1,Wet
210,28.65,2,1,Wet
210,28.64,2,1,Wet
210,28.63,2,1,Wet
211,28.63,2,1,Wet
210,28.62,2,1,Wet
211,28.6,2,1,Wet
209,28.59,2,1,Wet
210,28.58,2,1,Wet
210,28.58,2,1,Wet
209,28.57,2,1,Wet
211,28.55,2,1,Wet
210,28.54,2,1,Wet
210,28.53,2,1,Wet
209,28.52,2,1,Wet
209,28.51,2,1,Wet
209,28.5,2,1,Wet
210,28.49,2,1,Wet
210,28.48,2,1,Wet
209,28.47,2,1,Wet
210,28.46,2,1,Wet
210,28.46,2,1,Wet
208,28.45,2,1,Wet
208,28.44,2,1,Wet
210,28.43,2,1,Wet
208,28.59,2,1,Wet
208,28.95,2,1,Wet
208,29.37,2,1,Wet
210,29.77,2,1,Wet
210,30.06,2,1,Wet
209,30.28,2,1,Wet
208,30.44,2,1,Wet
428,30.55,0,0,Very Dry
478,30.6,0,0,Very Dry
392,30.66,0,0,Very Dry
383,30.7,0,0,Very Dry
392,30.72,0,0,Very Dry
378,30.72,0,0,Very Dry
379,30.71,0,0,Very Dry
380,30.7,0,0,Very Dry
380,30.67,0,0,Very Dry
380,30.64,0,0,Very Dry
381,30.6,0,0,Very Dry
386,30.56,0,0,Very Dry
385,30.54,0,0,Very Dry
382,30.49,0,0,Very Dry
383,30.45,0,0,Very Dry
384,30.4,0,0,Very Dry
388,30.35,0,0,Very Dry
382,30.31,0,0,Very Dry
383,30.26,0,0,Very Dry
385,30.21,0,0,Very Dry
383,30.17,0,0,Very Dry
382,30.13,0,0,Very Dry
383,30.08,0,0,Very Dry
382,30.06,0,0,Very Dry
382,30.02,0,0,Very Dry
382,29.98,0,0,Very Dry
382,29.93,0,0,Very Dry
382,29.9,0,0,Very Dry
385,29.86,0,0,Very Dry
384,29.82,0,0,Very Dry
382,29.78,0,0,Very Dry
384,29.75,0,0,Very Dry
383,29.72,0,0,Very Dry
385,29.69,0,0,Very Dry
383,29.67,0,0,Very Dry
384,29.64,0,0,Very Dry
385,29.61,0,0,Very Dry
383,29.58,0,0,Very Dry
383,29.55,0,0,Very Dry
383,29.52,0,0,Very Dry
381,29.5,0,0,Very Dry
382,29.47,0,0,Very Dry
379,29.45,0,0,Very Dry
376,29.43,0,0,Very Dry
380,29.42,0,0,Very Dry
381,29.39,0,0,Very Dry
372,29.37,0,0,Very Dry
377,29.35,0,0,Very Dry
378,29.33,0,0,Very Dry
337,29.3,0,0,Very Dry
298,29.28,1,0,Dry
256,29.26,2,1,Wet
218,29.24,2,1,Wet
196,29.22,3,1,Very Wet
189,29.21,3,1,Very Wet
173,29.2,3,1,Very Wet
170,29.18,3,1,Very Wet
240,29.17,2,1,Wet
447,29.15,0,0,Very Dry
472,29.13,0,0,Very Dry
380,29.12,0,0,Very Dry
368,29.1,0,0,Very Dry
0,178.7,3,1,Very Wet
310,29.06,1,0,Dry
276,29.05,1,0,Dry
243,29.04,2,1,Wet
208,29.03,2,1,Wet
216,29.02,2,1,Wet
215,29.01,2,1,Wet
218,29,2,1,Wet
221,28.99,2,1,Wet
220,28.98,2,1,Wet
222,28.97,2,1,Wet
221,28.96,2,1,Wet
220,28.95,2,1,Wet
220,28.93,2,1,Wet
217,28.92,2,1,Wet
212,28.91,2,1,Wet
211,28.9,2,1,Wet
210,28.9,2,1,Wet
211,28.89,2,1,Wet
211,28.87,2,1,Wet
210,28.86,2,1,Wet
210,28.85,2,1,Wet
212,28.83,2,1,Wet
210,28.82,2,1,Wet
210,28.81,2,1,Wet
210,28.83,2,1,Wet
209,29.06,2,1,Wet
210,29.42,2,1,Wet
210,29.75,2,1,Wet
210,29.89,2,1,Wet
200,30.11,2,1,Wet
212,30.27,2,1,Wet
210,30.39,2,1,Wet
260,30.47,2,1,Wet
403,30.53,0,0,Very Dry
426,30.56,0,0,Very Dry
368,30.57,0,0,Very Dry
373,30.57,0,0,Very Dry
359,30.56,0,0,Very Dry
342,30.54,0,0,Very Dry
293,30.52,1,0,Dry
256,30.5,2,1,Wet
222,30.47,2,1,Wet
242,30.44,2,1,Wet
239,30.4,2,1,Wet
238,30.36,2,1,Wet
237,30.33,2,1,Wet
236,30.29,2,1,Wet
238,30.24,2,1,Wet
237,30.2,2,1,Wet
238,30.16,2,1,Wet
237,30.12,2,1,Wet
237,30.08,2,1,Wet
237,30.06,2,1,Wet
236,30.03,2,1,Wet
237,29.99,2,1,Wet
237,29.95,2,1,Wet
240,29.91,2,1,Wet
237,29.87,2,1,Wet
237,29.84,2,1,Wet
237,29.81,2,1,Wet
237,29.77,2,1,Wet
236,29.74,2,1,Wet
237,29.71,2,1,Wet
235,29.68,2,1,Wet
237,29.66,2,1,Wet
237,29.63,2,1,Wet
237,29.6,2,1,Wet
234,29.57,2,1,Wet
229,29.54,2,1,Wet
228,29.52,2,1,Wet
226,29.49,2,1,Wet
227,29.47,2,1,Wet
227,29.45,2,1,Wet
226,29.42,2,1,Wet
225,29.4,2,1,Wet
224,29.38,2,1,Wet
224,29.37,2,1,Wet
223,29.34,2,1,Wet
225,29.32,2,1,Wet
224,29.3,2,1,Wet
223,29.28,2,1,Wet
223,29.26,2,1,Wet
224,29.24,2,1,Wet
224,29.22,2,1,Wet
223,29.2,2,1,Wet
224,29.18,2,1,Wet
220,29.16,2,1,Wet
224,29.15,2,1,Wet
225,29.14,2,1,Wet
225,29.12,2,1,Wet
223,29.1,2,1,Wet
243,29.08,2,1,Wet
468,29.06,0,0,Very Dry
441,29.04,0,0,Very Dry
370,29.02,0,0,Very Dry
354,29.01,0,0,Very Dry
356,29.2,0,0,Very Dry
356,29.52,0,0,Very Dry
358,29.88,0,0,Very Dry
356,30.07,0,0,Very Dry
357,30.37,0,0,Very Dry
358,30.58,0,0,Very Dry
358,30.74,0,0,Very Dry
357,30.85,0,0,Very Dry
356,30.92,0,0,Very Dry
358,30.96,0,0,Very Dry
361,30.99,0,0,Very Dry
359,30.99,0,0,Very Dry
358,30.98,0,0,Very Dry
361,30.96,0,0,Very Dry
362,30.94,0,0,Very Dry
360,30.91,0,0,Very Dry
361,30.88,0,0,Very Dry
361,30.84,0,0,Very Dry
360,30.79,0,0,Very Dry
362,30.75,0,0,Very Dry
362,30.7,0,0,Very Dry
363,30.65,0,0,Very Dry
362,30.6,0,0,Very Dry
362,30.55,0,0,Very Dry
366,30.5,0,0,Very Dry
367,30.47,0,0,Very Dry
368,30.43,0,0,Very Dry
367,30.38,0,0,Very Dry
368,30.33,0,0,Very Dry
367,30.28,0,0,Very Dry
367,30.23,0,0,Very Dry
370,30.18,0,0,Very Dry
368,30.14,0,0,Very Dry
368,30.09,0,0,Very Dry
370,30.05,0,0,Very Dry
370,30,0,0,Very Dry
370,29.98,0,0,Very Dry
370,29.94,0,0,Very Dry
371,29.9,0,0,Very Dry
370,29.86,0,0,Very Dry
371,29.83,0,0,Very Dry
370,29.79,0,0,Very Dry
370,29.75,0,0,Very Dry
372,29.72,0,0,Very Dry
371,29.69,0,0,Very Dry
371,29.66,0,0,Very Dry
371,29.63,0,0,Very Dry
370,29.61,0,0,Very Dry
371,29.59,0,0,Very Dry
373,29.56,0,0,Very Dry
373,29.53,0,0,Very Dry
372,29.51,0,0,Very Dry
372,29.48,0,0,Very Dry
374,29.46,0,0,Very Dry
372,29.43,0,0,Very Dry
371,29.41,0,0,Very Dry
377,29.38,0,0,Very Dry
372,29.36,0,0,Very Dry
372,29.35,0,0,Very Dry
372,29.32,0,0,Very Dry
371,29.3,0,0,Very Dry
373,29.28,0,0,Very Dry
373,29.26,0,0,Very Dry
372,29.24,0,0,Very Dry
373,29.22,0,0,Very Dry
373,29.19,0,0,Very Dry
374,29.17,0,0,Very Dry
370,29.15,0,0,Very Dry
371,29.15,0,0,Very Dry
373,29.13,0,0,Very Dry
372,29.11,0,0,Very Dry
371,29.08,0,0,Very Dry
373,29.07,0,0,Very Dry
371,29.05,0,0,Very Dry
370,29.03,0,0,Very Dry
371,29.02,0,0,Very Dry
372,29,0,0,Very Dry
374,28.99,0,0,Very Dry
373,28.98,0,0,Very Dry
372,28.97,0,0,Very Dry
372,28.96,0,0,Very Dry
371,28.94,0,0,Very Dry
372,28.93,0,0,Very Dry
373,28.92,0,0,Very Dry
371,28.91,0,0,Very Dry
370,28.9,0,0,Very Dry
371,28.89,0,0,Very Dry
372,28.88,0,0,Very Dry
370,28.87,0,0,Very Dry
370,28.86,0,0,Very Dry
370,28.85,0,0,Very Dry
368,28.84,0,0,Very Dry
370,28.83,0,0,Very Dry
374,28.82,0,0,Very Dry
363,28.81,0,0,Very Dry
304,28.8,1,0,Dry
263,28.79,2,1,Wet
224,28.78,2,1,Wet
258,28.77,2,1,Wet
258,28.76,2,1,Wet
256,28.76,2,1,Wet
250,28.75,2,1,Wet
250,28.74,2,1,Wet
248,28.74,2,1,Wet
246,28.73,2,1,Wet
246,28.72,2,1,Wet
247,28.71,2,1,Wet
246,28.71,2,1,Wet
246,28.7,2,1,Wet
246,28.69,2,1,Wet
246,28.68,2,1,Wet
245,28.67,2,1,Wet
237,28.66,2,1,Wet
244,28.66,2,1,Wet
245,28.65,2,1,Wet
243,28.64,2,1,Wet
243,28.63,2,1,Wet
244,28.63,2,1,Wet
243,28.62,2,1,Wet
244,28.61,2,1,Wet
244,28.6,2,1,Wet
242,28.59,2,1,Wet
245,28.58,2,1,Wet
243,28.57,2,1,Wet
242,28.57,2,1,Wet
243,28.56,2,1,Wet
242,28.55,2,1,Wet
241,28.54,2,1,Wet
242,28.54,2,1,Wet
241,28.53,2,1,Wet
242,28.52,2,1,Wet
240,28.51,2,1,Wet
240,28.5,2,1,Wet
240,28.49,2,1,Wet
241,28.49,2,1,Wet
240,28.48,2,1,Wet
240,28.47,2,1,Wet
235,28.47,2,1,Wet
240,28.55,2,1,Wet
240,28.85,2,1,Wet
240,29.22,2,1,Wet
238,29.62,2,1,Wet
240,30.01,2,1,Wet
233,30.36,2,1,Wet
211,30.61,2,1,Wet
192,30.8,3,1,Very Wet
177,30.94,3,1,Very Wet
176,31.04,3,1,Very Wet
175,31.1,3,1,Very Wet
173,31.14,3,1,Very Wet
175,31.15,3,1,Very Wet
174,31.16,3,1,Very Wet
174,31.15,3,1,Very Wet
175,31.13,3,1,Very Wet
174,31.1,3,1,Very Wet
174,31.07,3,1,Very Wet
174,31.03,3,1,Very Wet
174,30.98,3,1,Very Wet
174,30.93,3,1,Very Wet
175,30.87,3,1,Very Wet
175,30.82,3,1,Very Wet
173,30.77,3,1,Very Wet
174,30.71,3,1,Very Wet
175,30.68,3,1,Very Wet
175,30.63,3,1,Very Wet
175,30.57,3,1,Very Wet
174,30.52,3,1,Very Wet
174,30.46,3,1,Very Wet
175,30.41,3,1,Very Wet
175,30.36,3,1,Very Wet
175,30.3,3,1,Very Wet
176,30.25,3,1,Very Wet
174,30.2,3,1,Very Wet
174,30.16,3,1,Very Wet
176,30.11,3,1,Very Wet
175,30.09,3,1,Very Wet
175,30.05,3,1,Very Wet
174,30,3,1,Very Wet
175,29.96,3,1,Very Wet
316,29.92,1,0,Dry
469,29.87,0,0,Very Dry
470,29.84,0,0,Very Dry
389,29.8,0,0,Very Dry
386,29.76,0,0,Very Dry
388,29.72,0,0,Very Dry
388,29.69,0,0,Very Dry
389,29.66,0,0,Very Dry
386,29.69,0,0,Very Dry
390,29.91,0,0,Very Dry
388,30.19,0,0,Very Dry
388,30.41,0,0,Very Dry
389,30.56,0,0,Very Dry
388,30.67,0,0,Very Dry
387,30.74,0,0,Very Dry
388,30.79,0,0,Very Dry
389,30.81,0,0,Very Dry
387,30.82,0,0,Very Dry
388,30.81,0,0,Very Dry
389,30.8,0,0,Very Dry
388,30.78,0,0,Very Dry
387,30.75,0,0,Very Dry
388,30.72,0,0,Very Dry
390,30.68,0,0,Very Dry
389,30.64,0,0,Very Dry
387,30.6,0,0,Very Dry
390,30.55,0,0,Very Dry
388,30.51,0,0,Very Dry
388,30.46,0,0,Very Dry
388,30.42,0,0,Very Dry
389,30.4,0,0,Very Dry
389,30.35,0,0,Very Dry
391,30.31,0,0,Very Dry
389,30.27,0,0,Very Dry
391,30.22,0,0,Very Dry
387,30.18,0,0,Very Dry
388,30.14,0,0,Very Dry
389,30.1,0,0,Very Dry
401,30.06,0,0,Very Dry
385,30.03,0,0,Very Dry
388,29.99,0,0,Very Dry
390,29.97,0,0,Very Dry
390,29.94,0,0,Very Dry
386,29.9,0,0,Very Dry
388,29.87,0,0,Very Dry
391,29.83,0,0,Very Dry
389,29.8,0,0,Very Dry
390,29.77,0,0,Very Dry
389,29.74,0,0,Very Dry
389,29.71,0,0,Very Dry
389,29.68,0,0,Very Dry
390,29.66,0,0,Very Dry
390,29.64,0,0,Very Dry
368,29.61,0,0,Very Dry
314,29.59,1,0,Dry
274,29.56,1,0,Dry
240,29.54,2,1,Wet
214,29.51,2,1,Wet
256,29.49,2,1,Wet
253,29.47,2,1,Wet
252,29.46,2,1,Wet
252,29.44,2,1,Wet
251,29.42,2,1,Wet
251,29.4,2,1,Wet
249,29.39,2,1,Wet
251,29.37,2,1,Wet
251,29.35,2,1,Wet
249,29.33,2,1,Wet
249,29.31,2,1,Wet
249,29.29,2,1,Wet
248,29.27,2,1,Wet
248,29.25,2,1,Wet
249,29.23,2,1,Wet
248,29.22,2,1,Wet
248,29.2,2,1,Wet
249,29.18,2,1,Wet
246,29.17,2,1,Wet
247,29.16,2,1,Wet
247,29.14,2,1,Wet
248,29.12,2,1,Wet
247,29.11,2,1,Wet
246,29.09,2,1,Wet
248,29.08,2,1,Wet
246,29.06,2,1,Wet
246,29.05,2,1,Wet
246,29.03,2,1,Wet
246,29.02,2,1,Wet
246,29.01,2,1,Wet
246,29,2,1,Wet
246,28.99,2,1,Wet
246,28.98,2,1,Wet
246,28.96,2,1,Wet
246,28.95,2,1,Wet
245,28.94,2,1,Wet
246,28.92,2,1,Wet
246,28.91,2,1,Wet
246,28.9,2,1,Wet
246,28.88,2,1,Wet
244,28.87,2,1,Wet
244,29.03,2,1,Wet
243,29.33,2,1,Wet
245,29.49,2,1,Wet
244,29.85,2,1,Wet
245,30.16,2,1,Wet
244,30.39,2,1,Wet
243,30.55,2,1,Wet
244,30.75,2,1,Wet
243,30.99,2,1,Wet
243,31.24,2,1,Wet
243,31.49,2,1,Wet
243,31.67,2,1,Wet
229,31.8,2,1,Wet
226,31.88,2,1,Wet
226,31.93,2,1,Wet
226,31.94,2,1,Wet
227,31.94,2,1,Wet
226,31.93,2,1,Wet
225,31.9,2,1,Wet
225,31.86,2,1,Wet
224,31.82,2,1,Wet
225,31.76,2,1,Wet
224,31.7,2,1,Wet
225,31.64,2,1,Wet
224,31.57,2,1,Wet
224,31.51,2,1,Wet
224,31.43,2,1,Wet
224,31.37,2,1,Wet
225,31.33,2,1,Wet
223,31.27,2,1,Wet
225,31.2,2,1,Wet
225,31.13,2,1,Wet
228,31.07,2,1,Wet
224,31,2,1,Wet
223,30.94,2,1,Wet
224,30.88,2,1,Wet
223,30.83,2,1,Wet
224,30.77,2,1,Wet
222,30.71,2,1,Wet
222,30.66,2,1,Wet
223,30.61,2,1,Wet
223,30.58,2,1,Wet
222,30.53,2,1,Wet
223,30.48,2,1,Wet
224,30.44,2,1,Wet
223,30.39,2,1,Wet
223,30.34,2,1,Wet
223,30.37,2,1,Wet
222,30.55,2,1,Wet
222,30.8,2,1,Wet
222,31.07,2,1,Wet
222,31.34,2,1,Wet
223,31.61,2,1,Wet
222,31.85,2,1,Wet
221,31.94,2,1,Wet
223,32.07,2,1,Wet
202,32.16,2,1,Wet
187,32.21,3,1,Very Wet
184,32.24,3,1,Very Wet
183,32.24,3,1,Very Wet
186,32.22,3,1,Very Wet
184,32.19,3,1,Very Wet
183,32.15,3,1,Very Wet
183,32.11,3,1,Very Wet
182,32.05,3,1,Very Wet
182,31.99,3,1,Very Wet
183,31.93,3,1,Very Wet
184,31.9,3,1,Very Wet
183,31.83,3,1,Very Wet
182,31.77,3,1,Very Wet
183,31.7,3,1,Very Wet
182,31.63,3,1,Very Wet
182,31.56,3,1,Very Wet
183,31.49,3,1,Very Wet
182,31.42,3,1,Very Wet
184,31.36,3,1,Very Wet
182,31.29,3,1,Very Wet
182,31.23,3,1,Very Wet
182,31.17,3,1,Very Wet
182,31.13,3,1,Very Wet
182,31.07,3,1,Very Wet
182,31.01,3,1,Very Wet
183,30.95,3,1,Very Wet
182,30.9,3,1,Very Wet
182,30.85,3,1,Very Wet
182,30.79,3,1,Very Wet
182,30.74,3,1,Very Wet
182,30.69,3,1,Very Wet
181,30.64,3,1,Very Wet
182,30.59,3,1,Very Wet
185,30.55,3,1,Very Wet
182,30.5,3,1,Very Wet
182,30.5,3,1,Very Wet
182,30.63,3,1,Very Wet
182,30.86,3,1,Very Wet
181,31.14,3,1,Very Wet
182,31.43,3,1,Very Wet
181,31.71,3,1,Very Wet
182,31.98,3,1,Very Wet
185,32.19,3,1,Very Wet
442,32.34,0,0,Very Dry
449,32.45,0,0,Very Dry
374,32.51,0,0,Very Dry
362,32.54,0,0,Very Dry
362,32.55,0,0,Very Dry
362,32.55,0,0,Very Dry
362,32.53,0,0,Very Dry
362,32.51,0,0,Very Dry
367,32.46,0,0,Very Dry
362,32.42,0,0,Very Dry
363,32.36,0,0,Very Dry
362,32.3,0,0,Very Dry
364,32.24,0,0,Very Dry
365,32.17,0,0,Very Dry
365,32.1,0,0,Very Dry
366,32.03,0,0,Very Dry
365,31.99,0,0,Very Dry
364,31.93,0,0,Very Dry
364,31.85,0,0,Very Dry
367,31.78,0,0,Very Dry
363,31.71,0,0,Very Dry
363,31.65,0,0,Very Dry
365,31.58,0,0,Very Dry
367,31.52,0,0,Very Dry
365,31.45,0,0,Very Dry
363,31.39,0,0,Very Dry
367,31.33,0,0,Very Dry
364,31.3,0,0,Very Dry
368,31.25,0,0,Very Dry
366,31.19,0,0,Very Dry
365,31.14,0,0,Very Dry
364,31.08,0,0,Very Dry
367,31.03,0,0,Very Dry
365,30.98,0,0,Very Dry
365,30.93,0,0,Very Dry
366,30.88,0,0,Very Dry
364,30.83,0,0,Very Dry
365,30.79,0,0,Very Dry
368,30.76,0,0,Very Dry
368,30.72,0,0,Very Dry
368,30.68,0,0,Very Dry
368,30.64,0,0,Very Dry
368,30.6,0,0,Very Dry
369,30.56,0,0,Very Dry
368,30.52,0,0,Very Dry
364,30.48,0,0,Very Dry
311,30.45,1,0,Dry
278,30.42,1,0,Dry
238,30.4,2,1,Wet
210,30.44,2,1,Wet
240,30.61,2,1,Wet
238,30.83,2,1,Wet
238,31.07,2,1,Wet
234,31.26,2,1,Wet
234,31.49,2,1,Wet
235,31.69,2,1,Wet
234,31.83,2,1,Wet
234,31.92,2,1,Wet
234,31.97,2,1,Wet
233,32,2,1,Wet
233,32.01,2,1,Wet
232,32,2,1,Wet
234,31.99,2,1,Wet
233,31.96,2,1,Wet
232,31.92,2,1,Wet
246,31.88,2,1,Wet
234,31.83,2,1,Wet
232,31.77,2,1,Wet
231,31.71,2,1,Wet
231,31.65,2,1,Wet
231,31.6,2,1,Wet
231,31.54,2,1,Wet
231,31.47,2,1,Wet
231,31.41,2,1,Wet
230,31.35,2,1,Wet
228,31.33,2,1,Wet
230,31.27,2,1,Wet
230,31.21,2,1,Wet
231,31.15,2,1,Wet
229,31.1,2,1,Wet
230,31.04,2,1,Wet
231,30.99,2,1,Wet
231,30.94,2,1,Wet
229,30.89,2,1,Wet
228,30.84,2,1,Wet
230,30.79,2,1,Wet
228,30.75,2,1,Wet
228,30.7,2,1,Wet
228,30.68,2,1,Wet
230,30.63,2,1,Wet
228,30.59,2,1,Wet
228,30.55,2,1,Wet
228,30.51,2,1,Wet
229,30.47,2,1,Wet
229,30.43,2,1,Wet
220,30.39,2,1,Wet
228,30.35,2,1,Wet
229,30.31,2,1,Wet
228,30.27,2,1,Wet
228,30.23,2,1,Wet
228,30.21,2,1,Wet
229,30.18,2,1,Wet
228,30.14,2,1,Wet
228,30.11,2,1,Wet
228,30.07,2,1,Wet
228,30.04,2,1,Wet
228,30.01,2,1,Wet
228,29.98,2,1,Wet
228,29.95,2,1,Wet
229,29.92,2,1,Wet
228,29.89,2,1,Wet
228,29.86,2,1,Wet
228,29.83,2,1,Wet
228,29.82,2,1,Wet
227,29.8,2,1,Wet
228,29.77,2,1,Wet
228,29.74,2,1,Wet
228,29.72,2,1,Wet
228,29.69,2,1,Wet
227,29.67,2,1,Wet
228,29.65,2,1,Wet
232,29.63,2,1,Wet
227,29.6,2,1,Wet
226,29.58,2,1,Wet
228,29.56,2,1,Wet
227,29.55,2,1,Wet
227,29.53,2,1,Wet
227,29.51,2,1,Wet
227,29.49,2,1,Wet
228,29.47,2,1,Wet
228,29.45,2,1,Wet
228,29.43,2,1,Wet
227,29.4,2,1,Wet
228,29.39,2,1,Wet
226,29.37,2,1,Wet
226,29.35,2,1,Wet
226,29.33,2,1,Wet
227,29.31,2,1,Wet
225,29.3,2,1,Wet
225,29.28,2,1,Wet
226,29.26,2,1,Wet
226,29.25,2,1,Wet
226,29.23,2,1,Wet
227,29.21,2,1,Wet
226,29.19,2,1,Wet
225,29.17,2,1,Wet
226,29.15,2,1,Wet
225,29.14,2,1,Wet
226,29.12,2,1,Wet
226,29.1,2,1,Wet
226,29.09,2,1,Wet
226,29.08,2,1,Wet
224,29.06,2,1,Wet
225,29.04,2,1,Wet
224,29.03,2,1,Wet
224,29.01,2,1,Wet
225,29,2,1,Wet
226,28.99,2,1,Wet
224,28.97,2,1,Wet
225,28.96,2,1,Wet
224,28.95,2,1,Wet
226,28.93,2,1,Wet
226,28.92,2,1,Wet
225,28.91,2,1,Wet
223,28.9,2,1,Wet
225,28.88,2,1,Wet
224,28.87,2,1,Wet
225,28.86,2,1,Wet
218,28.84,2,1,Wet
223,28.83,2,1,Wet
225,28.82,2,1,Wet
224,28.8,2,1,Wet
224,28.79,2,1,Wet
236,28.78,2,1,Wet
223,28.77,2,1,Wet
224,28.76,2,1,Wet
224,28.75,2,1,Wet
216,28.73,2,1,Wet
224,28.72,2,1,Wet
223,28.71,2,1,Wet
222,28.7,2,1,Wet
222,28.68,2,1,Wet
223,28.67,2,1,Wet
223,28.66,2,1,Wet
222,28.65,2,1,Wet
221,28.64,2,1,Wet
222,28.63,2,1,Wet
221,28.62,2,1,Wet
221,28.61,2,1,Wet
221,28.59,2,1,Wet
220,28.58,2,1,Wet
221,28.57,2,1,Wet
220,28.56,2,1,Wet
222,28.55,2,1,Wet
220,28.55,2,1,Wet
221,28.54,2,1,Wet
221,28.53,2,1,Wet
220,28.52,2,1,Wet
221,28.51,2,1,Wet
222,28.5,2,1,Wet
221,28.49,2,1,Wet
219,28.49,2,1,Wet
200,28.48,2,1,Wet
184,28.47,3,1,Very Wet
177,28.46,3,1,Very Wet
176,28.48,3,1,Very Wet
175,28.72,3,1,Very Wet
175,29.06,3,1,Very Wet
175,29.45,3,1,Very Wet
176,29.83,3,1,Very Wet
176,30.12,3,1,Very Wet
184,30.33,3,1,Very Wet
175,30.41,3,1,Very Wet
175,30.55,3,1,Very Wet
176,30.79,3,1,Very Wet
176,31.06,3,1,Very Wet
176,31.35,3,1,Very Wet
176,31.57,3,1,Very Wet
176,31.72,3,1,Very Wet
176,31.82,3,1,Very Wet
176,31.88,3,1,Very Wet
175,31.91,3,1,Very Wet
175,31.9,3,1,Very Wet
176,31.88,3,1,Very Wet
176,31.84,3,1,Very Wet
176,31.82,3,1,Very Wet
175,31.76,3,1,Very Wet
176,31.7,3,1,Very Wet
176,31.64,3,1,Very Wet
176,31.57,3,1,Very Wet
175,31.5,3,1,Very Wet
175,31.43,3,1,Very Wet
176,31.35,3,1,Very Wet
176,31.28,3,1,Very Wet
176,31.21,3,1,Very Wet
176,31.14,3,1,Very Wet
175,31.07,3,1,Very Wet
176,31,3,1,Very Wet
175,30.97,3,1,Very Wet
176,30.9,3,1,Very Wet
174,30.84,3,1,Very Wet
176,30.78,3,1,Very Wet
177,30.71,3,1,Very Wet
176,30.65,3,1,Very Wet
176,30.6,3,1,Very Wet
175,30.54,3,1,Very Wet
176,30.49,3,1,Very Wet
176,30.44,3,1,Very Wet
175,30.39,3,1,Very Wet
175,30.34,3,1,Very Wet
176,30.29,3,1,Very Wet
175,30.26,3,1,Very Wet
175,30.22,3,1,Very Wet
175,30.18,3,1,Very Wet
175,30.14,3,1,Very Wet
175,30.09,3,1,Very Wet
176,30.06,3,1,Very Wet
176,30.01,3,1,Very Wet
175,29.98,3,1,Very Wet
176,29.94,3,1,Very Wet
175,29.9,3,1,Very Wet
176,29.87,3,1,Very Wet
175,29.83,3,1,Very Wet
176,29.81,3,1,Very Wet
174,29.78,3,1,Very Wet
176,29.74,3,1,Very Wet
173,29.71,3,1,Very Wet
176,29.68,3,1,Very Wet
176,29.65,3,1,Very Wet
176,29.62,3,1,Very Wet
175,29.59,3,1,Very Wet
176,29.56,3,1,Very Wet
176,29.53,3,1,Very Wet
176,29.5,3,1,Very Wet
174,29.48,3,1,Very Wet
174,29.45,3,1,Very Wet
174,29.44,3,1,Very Wet
175,29.42,3,1,Very Wet
176,29.39,3,1,Very Wet
176,29.37,3,1,Very Wet
174,29.35,3,1,Very Wet
175,29.33,3,1,Very Wet
176,29.31,3,1,Very Wet
175,29.29,3,1,Very Wet
176,29.27,3,1,Very Wet
175,29.25,3,1,Very Wet
175,29.23,3,1,Very Wet
175,29.21,3,1,Very Wet
176,29.2,3,1,Very Wet
176,29.18,3,1,Very Wet
175,29.16,3,1,Very Wet
176,29.14,3,1,Very Wet
175,29.12,3,1,Very Wet
174,29.1,3,1,Very Wet
175,29.08,3,1,Very Wet
173,29.06,3,1,Very Wet
176,29.04,3,1,Very Wet
176,29.03,3,1,Very Wet
175,29.01,3,1,Very Wet
176,28.99,3,1,Very Wet
176,28.98,3,1,Very Wet
176,28.96,3,1,Very Wet
174,28.94,3,1,Very Wet
174,28.93,3,1,Very Wet
175,28.91,3,1,Very Wet
174,28.89,3,1,Very Wet
176,28.88,3,1,Very Wet
176,28.86,3,1,Very Wet
175,28.84,3,1,Very Wet
175,28.83,3,1,Very Wet
175,28.81,3,1,Very Wet
175,28.8,3,1,Very Wet
176,28.79,3,1,Very Wet
174,28.78,3,1,Very Wet
174,28.76,3,1,Very Wet
175,28.75,3,1,Very Wet
174,28.74,3,1,Very Wet
176,28.72,3,1,Very Wet
174,28.71,3,1,Very Wet
175,28.7,3,1,Very Wet
176,28.68,3,1,Very Wet
175,28.67,3,1,Very Wet
175,28.66,3,1,Very Wet
176,28.65,3,1,Very Wet
175,28.64,3,1,Very Wet
175,28.63,3,1,Very Wet
175,28.62,3,1,Very Wet
176,28.6,3,1,Very Wet
175,28.59,3,1,Very Wet
176,28.58,3,1,Very Wet
174,28.57,3,1,Very Wet
176,28.56,3,1,Very Wet
175,28.55,3,1,Very Wet
175,28.54,3,1,Very Wet
176,28.53,3,1,Very Wet
176,28.52,3,1,Very Wet
174,28.51,3,1,Very Wet
175,28.5,3,1,Very Wet
175,28.49,3,1,Very Wet
175,28.48,3,1,Very Wet
176,28.47,3,1,Very Wet
176,28.46,3,1,Very Wet
175,28.45,3,1,Very Wet
175,28.44,3,1,Very Wet
175,28.43,3,1,Very Wet
175,28.42,3,1,Very Wet
174,28.42,3,1,Very Wet
175,28.41,3,1,Very Wet
174,28.4,3,1,Very Wet
174,28.39,3,1,Very Wet
176,28.38,3,1,Very Wet
175,28.38,3,1,Very Wet
175,28.36,3,1,Very Wet
173,28.36,3,1,Very Wet
170,28.35,3,1,Very Wet
176,28.34,3,1,Very Wet
175,28.33,3,1,Very Wet
176,28.32,3,1,Very Wet
175,28.32,3,1,Very Wet
176,28.31,3,1,Very Wet
175,28.3,3,1,Very Wet
174,28.3,3,1,Very Wet
176,28.29,3,1,Very Wet
175,28.28,3,1,Very Wet
175,28.27,3,1,Very Wet
175,28.26,3,1,Very Wet
174,28.26,3,1,Very Wet
174,28.25,3,1,Very Wet
176,28.24,3,1,Very Wet
176,28.24,3,1,Very Wet
174,28.23,3,1,Very Wet
175,28.22,3,1,Very Wet
174,28.21,3,1,Very Wet
175,28.21,3,1,Very Wet
175,28.2,3,1,Very Wet
176,28.2,3,1,Very Wet
187,28.19,3,1,Very Wet
241,28.18,2,1,Wet
250,28.18,2,1,Wet
234,28.17,2,1,Wet
230,28.25,2,1,Wet
231,28.59,2,1,Wet
232,29,2,1,Wet
233,29.37,2,1,Wet
233,29.64,2,1,Wet
233,29.75,2,1,Wet
232,29.91,2,1,Wet
234,30.04,2,1,Wet
233,30.12,2,1,Wet
234,30.17,2,1,Wet
234,30.2,2,1,Wet
233,30.21,2,1,Wet
234,30.21,2,1,Wet
233,30.2,2,1,Wet
233,30.18,2,1,Wet
234,30.15,2,1,Wet
233,30.12,2,1,Wet
233,30.08,2,1,Wet
233,30.06,2,1,Wet
233,30.01,2,1,Wet
234,29.97,2,1,Wet
233,29.92,2,1,Wet
232,29.87,2,1,Wet
233,29.82,2,1,Wet
233,29.77,2,1,Wet
234,29.72,2,1,Wet
234,29.68,2,1,Wet
232,29.63,2,1,Wet
233,29.59,2,1,Wet
232,29.54,2,1,Wet
232,29.52,2,1,Wet
234,29.47,2,1,Wet
234,29.43,2,1,Wet
234,29.39,2,1,Wet
233,29.35,2,1,Wet
234,29.32,2,1,Wet
232,29.28,2,1,Wet
232,29.25,2,1,Wet
234,29.22,2,1,Wet
233,29.19,2,1,Wet
234,29.16,2,1,Wet
234,29.13,2,1,Wet
234,29.11,2,1,Wet
234,29.09,2,1,Wet
233,29.07,2,1,Wet
233,29.04,2,1,Wet
234,29.02,2,1,Wet
233,28.99,2,1,Wet
234,28.97,2,1,Wet
234,28.95,2,1,Wet
234,28.93,2,1,Wet
234,28.91,2,1,Wet
236,28.89,2,1,Wet
233,28.86,2,1,Wet
234,28.84,2,1,Wet
233,28.83,2,1,Wet
233,28.81,2,1,Wet
234,28.79,2,1,Wet
234,28.77,2,1,Wet
232,28.76,2,1,Wet
234,28.74,2,1,Wet
233,28.72,2,1,Wet
234,28.71,2,1,Wet
234,28.69,2,1,Wet
234,28.68,2,1,Wet
233,28.66,2,1,Wet
234,28.65,2,1,Wet
234,28.64,2,1,Wet
233,28.63,2,1,Wet
234,28.61,2,1,Wet
233,28.6,2,1,Wet
234,28.58,2,1,Wet
234,28.57,2,1,Wet
234,28.55,2,1,Wet
234,28.54,2,1,Wet
239,28.52,2,1,Wet
292,28.51,1,0,Dry
290,28.5,1,0,Dry
289,28.49,1,0,Dry
287,28.48,1,0,Dry
251,28.47,2,1,Wet
220,28.46,2,1,Wet
198,28.45,3,1,Very Wet
184,28.44,3,1,Very Wet
173,28.43,3,1,Very Wet
170,28.42,3,1,Very Wet
170,28.41,3,1,Very Wet
170,28.4,3,1,Very Wet
170,28.4,3,1,Very Wet
170,28.49,3,1,Very Wet
171,28.7,3,1,Very Wet
170,28.84,3,1,Very Wet
170,29.16,3,1,Very Wet
170,29.47,3,1,Very Wet
170,29.71,3,1,Very Wet
170,29.88,3,1,Very Wet
170,30.01,3,1,Very Wet
170,30.1,3,1,Very Wet
171,30.16,3,1,Very Wet
171,30.2,3,1,Very Wet
170,30.22,3,1,Very Wet
170,30.23,3,1,Very Wet
170,30.22,3,1,Very Wet
170,30.21,3,1,Very Wet
170,30.2,3,1,Very Wet
170,30.17,3,1,Very Wet
170,30.15,3,1,Very Wet
169,30.12,3,1,Very Wet
170,30.08,3,1,Very Wet
169,30.05,3,1,Very Wet
170,30.01,3,1,Very Wet
170,29.97,3,1,Very Wet
170,29.92,3,1,Very Wet
170,29.88,3,1,Very Wet
170,29.84,3,1,Very Wet
170,29.8,3,1,Very Wet
169,29.76,3,1,Very Wet
170,29.74,3,1,Very Wet
170,29.7,3,1,Very Wet
170,29.66,3,1,Very Wet
170,29.62,3,1,Very Wet
170,29.58,3,1,Very Wet
170,29.55,3,1,Very Wet
170,29.51,3,1,Very Wet
170,29.48,3,1,Very Wet
170,29.44,3,1,Very Wet
169,29.41,3,1,Very Wet
170,29.38,3,1,Very Wet
170,29.35,3,1,Very Wet
169,29.33,3,1,Very Wet
170,29.3,3,1,Very Wet
170,29.27,3,1,Very Wet
170,29.25,3,1,Very Wet
170,29.22,3,1,Very Wet
170,29.2,3,1,Very Wet
169,29.17,3,1,Very Wet
170,29.15,3,1,Very Wet
170,29.13,3,1,Very Wet
170,29.11,3,1,Very Wet
170,29.08,3,1,Very Wet
170,29.06,3,1,Very Wet
164,29.05,3,1,Very Wet
170,29.03,3,1,Very Wet
170,29.01,3,1,Very Wet
170,29,3,1,Very Wet
170,28.98,3,1,Very Wet
168,28.96,3,1,Very Wet
170,28.94,3,1,Very Wet
169,28.93,3,1,Very Wet
170,28.91,3,1,Very Wet
170,28.89,3,1,Very Wet
170,28.88,3,1,Very Wet
168,28.86,3,1,Very Wet
170,28.84,3,1,Very Wet
170,28.83,3,1,Very Wet
170,28.82,3,1,Very Wet
170,28.8,3,1,Very Wet
170,28.79,3,1,Very Wet
170,28.77,3,1,Very Wet
169,28.76,3,1,Very Wet
170,28.74,3,1,Very Wet
169,28.73,3,1,Very Wet
169,28.71,3,1,Very Wet
170,28.7,3,1,Very Wet
170,28.82,3,1,Very Wet
169,29.1,3,1,Very Wet
170,29.26,3,1,Very Wet
230,29.52,2,1,Wet
432,29.71,0,0,Very Dry
357,29.85,0,0,Very Dry
302,29.95,1,0,Dry
263,30.01,2,1,Wet
232,30.06,2,1,Wet
235,30.09,2,1,Wet
396,30.1,0,0,Very Dry
330,30.1,0,0,Very Dry
284,30.09,1,0,Dry
247,30.07,2,1,Wet
223,30.06,2,1,Wet
258,30.03,2,1,Wet
258,30,2,1,Wet
258,29.97,2,1,Wet
259,29.93,2,1,Wet
257,29.89,2,1,Wet
258,29.85,2,1,Wet
258,29.81,2,1,Wet
257,29.77,2,1,Wet
258,29.72,2,1,Wet
258,29.68,2,1,Wet
257,29.64,2,1,Wet
258,29.62,2,1,Wet
257,29.58,2,1,Wet
257,29.54,2,1,Wet
259,29.5,2,1,Wet
258,29.46,2,1,Wet
258,29.42,2,1,Wet
259,29.39,2,1,Wet
258,29.36,2,1,Wet
258,29.32,2,1,Wet
257,29.29,2,1,Wet
249,29.26,2,1,Wet
259,29.23,2,1,Wet
259,29.22,2,1,Wet
258,29.19,2,1,Wet
258,29.17,2,1,Wet
258,29.14,2,1,Wet
258,29.12,2,1,Wet
258,29.1,2,1,Wet
260,29.07,2,1,Wet
259,29.05,2,1,Wet
258,29.03,2,1,Wet
258,29.01,2,1,Wet
257,28.98,2,1,Wet
258,28.96,2,1,Wet
257,28.94,2,1,Wet
258,28.93,2,1,Wet
259,28.91,2,1,Wet
260,28.9,2,1,Wet
258,28.88,2,1,Wet
260,28.86,2,1,Wet
259,28.84,2,1,Wet
264,28.82,2,1,Wet
261,28.8,2,1,Wet
258,28.79,2,1,Wet
258,28.77,2,1,Wet
259,28.76,2,1,Wet
259,28.74,2,1,Wet
258,28.73,2,1,Wet
258,28.72,2,1,Wet
260,28.71,2,1,Wet
259,28.69,2,1,Wet
259,28.68,2,1,Wet
260,28.66,2,1,Wet
259,28.65,2,1,Wet
258,28.64,2,1,Wet
259,28.63,2,1,Wet
258,28.61,2,1,Wet
260,28.6,2,1,Wet
259,28.59,2,1,Wet
259,28.58,2,1,Wet
260,28.57,2,1,Wet
260,28.56,2,1,Wet
259,28.55,2,1,Wet
258,28.54,2,1,Wet
259,28.53,2,1,Wet
259,28.51,2,1,Wet
258,28.5,2,1,Wet
258,28.49,2,1,Wet
260,28.48,2,1,Wet
260,28.47,2,1,Wet
260,28.46,2,1,Wet
260,28.45,2,1,Wet
259,28.44,2,1,Wet
259,28.43,2,1,Wet
260,28.42,2,1,Wet
259,28.41,2,1,Wet
259,28.39,2,1,Wet
260,28.38,2,1,Wet
259,28.37,2,1,Wet
260,28.35,2,1,Wet
258,28.34,2,1,Wet
260,28.33,2,1,Wet
259,28.32,2,1,Wet
260,28.31,2,1,Wet
258,28.31,2,1,Wet
260,28.3,2,1,Wet
260,28.29,2,1,Wet
258,28.28,2,1,Wet
259,28.27,2,1,Wet
259,28.27,2,1,Wet
258,28.26,2,1,Wet
260,28.25,2,1,Wet
261,28.25,2,1,Wet
259,28.24,2,1,Wet
260,28.23,2,1,Wet
259,28.23,2,1,Wet
258,28.22,2,1,Wet
258,28.22,2,1,Wet
260,28.21,2,1,Wet
260,28.2,2,1,Wet
260,28.2,2,1,Wet
259,28.19,2,1,Wet
259,28.19,2,1,Wet
259,28.18,2,1,Wet
260,28.17,2,1,Wet
258,28.2,2,1,Wet
258,28.47,2,1,Wet
260,28.85,2,1,Wet
258,29.02,2,1,Wet
232,29.28,2,1,Wet
209,29.47,2,1,Wet
188,29.61,3,1,Very Wet
177,29.71,3,1,Very Wet
174,29.78,3,1,Very Wet
173,29.83,3,1,Very Wet
173,29.85,3,1,Very Wet
173,29.87,3,1,Very Wet
172,29.86,3,1,Very Wet
173,29.85,3,1,Very Wet
173,29.83,3,1,Very Wet
171,29.82,3,1,Very Wet
174,29.79,3,1,Very Wet
173,29.76,3,1,Very Wet
172,29.73,3,1,Very Wet
172,29.69,3,1,Very Wet
173,29.66,3,1,Very Wet
163,29.62,3,1,Very Wet
172,29.58,3,1,Very Wet
172,29.54,3,1,Very Wet
172,29.51,3,1,Very Wet
173,29.47,3,1,Very Wet
172,29.44,3,1,Very Wet
174,29.4,3,1,Very Wet
173,29.38,3,1,Very Wet
172,29.35,3,1,Very Wet
172,29.31,3,1,Very Wet
172,29.28,3,1,Very Wet
173,29.24,3,1,Very Wet
171,29.21,3,1,Very Wet
172,29.18,3,1,Very Wet
173,29.16,3,1,Very Wet
172,29.13,3,1,Very Wet
172,29.1,3,1,Very Wet
173,29.08,3,1,Very Wet
173,29.05,3,1,Very Wet
173,29.04,3,1,Very Wet
173,29.01,3,1,Very Wet
172,28.99,3,1,Very Wet
172,28.97,3,1,Very Wet
173,28.94,3,1,Very Wet
172,28.92,3,1,Very Wet
173,28.9,3,1,Very Wet
171,28.88,3,1,Very Wet
172,28.86,3,1,Very Wet
172,28.83,3,1,Very Wet
173,28.81,3,1,Very Wet
172,28.79,3,1,Very Wet
173,28.78,3,1,Very Wet
172,28.76,3,1,Very Wet
172,28.74,3,1,Very Wet
171,28.72,3,1,Very Wet
172,28.69,3,1,Very Wet
172,28.67,3,1,Very Wet
170,28.65,3,1,Very Wet
176,28.63,3,1,Very Wet
172,28.61,3,1,Very Wet
173,28.59,3,1,Very Wet
173,28.57,3,1,Very Wet
172,28.56,3,1,Very Wet
171,28.54,3,1,Very Wet
171,28.54,3,1,Very Wet
172,28.52,3,1,Very Wet
171,28.51,3,1,Very Wet
171,28.5,3,1,Very Wet
173,28.48,3,1,Very Wet
171,28.47,3,1,Very Wet
172,28.46,3,1,Very Wet
173,28.45,3,1,Very Wet
171,28.44,3,1,Very Wet
171,28.42,3,1,Very Wet
172,28.41,3,1,Very Wet
171,28.4,3,1,Very Wet
172,28.39,3,1,Very Wet
172,28.38,3,1,Very Wet
172,28.36,3,1,Very Wet
164,28.35,3,1,Very Wet
172,28.34,3,1,Very Wet
171,28.33,3,1,Very Wet
172,28.32,3,1,Very Wet
173,28.31,3,1,Very Wet
172,28.3,3,1,Very Wet
171,28.29,3,1,Very Wet
171,28.28,3,1,Very Wet
172,28.27,3,1,Very Wet
171,28.27,3,1,Very Wet
172,28.26,3,1,Very Wet
173,28.25,3,1,Very Wet
172,28.24,3,1,Very Wet
173,28.23,3,1,Very Wet
172,28.23,3,1,Very Wet
172,28.22,3,1,Very Wet
171,28.21,3,1,Very Wet
172,28.2,3,1,Very Wet
172,28.19,3,1,Very Wet
171,28.18,3,1,Very Wet
171,28.18,3,1,Very Wet
173,28.17,3,1,Very Wet
172,28.16,3,1,Very Wet
192,28.15,3,1,Very Wet
285,28.15,1,0,Dry
254,28.14,2,1,Wet
239,28.13,2,1,Wet
238,28.12,2,1,Wet
238,28.12,2,1,Wet
238,28.26,2,1,Wet
239,28.58,2,1,Wet
238,28.86,2,1,Wet
240,29.06,2,1,Wet
237,29.14,2,1,Wet
238,29.27,2,1,Wet
236,29.37,2,1,Wet
240,29.43,2,1,Wet
238,29.47,2,1,Wet
238,29.49,2,1,Wet
237,29.5,2,1,Wet
238,29.49,2,1,Wet
236,29.47,2,1,Wet
219,29.45,2,1,Wet
193,29.42,3,1,Very Wet
177,29.39,3,1,Very Wet
170,29.35,3,1,Very Wet
170,29.34,3,1,Very Wet
170,29.29,3,1,Very Wet
170,29.25,3,1,Very Wet
170,29.21,3,1,Very Wet
170,29.17,3,1,Very Wet
170,29.13,3,1,Very Wet
170,29.09,3,1,Very Wet
169,29.05,3,1,Very Wet
169,29.01,3,1,Very Wet
170,28.97,3,1,Very Wet
170,28.93,3,1,Very Wet
169,28.9,3,1,Very Wet
170,28.88,3,1,Very Wet
170,28.84,3,1,Very Wet
170,28.81,3,1,Very Wet
169,28.78,3,1,Very Wet
169,28.75,3,1,Very Wet
169,28.72,3,1,Very Wet
169,28.69,3,1,Very Wet
169,28.67,3,1,Very Wet
170,28.64,3,1,Very Wet
168,28.62,3,1,Very Wet
170,28.59,3,1,Very Wet
170,28.57,3,1,Very Wet
169,28.56,3,1,Very Wet
169,28.54,3,1,Very Wet
170,28.52,3,1,Very Wet
169,28.5,3,1,Very Wet
169,28.48,3,1,Very Wet
170,28.46,3,1,Very Wet
170,28.45,3,1,Very Wet
169,28.43,3,1,Very Wet
170,28.41,3,1,Very Wet
168,28.4,3,1,Very Wet
169,28.38,3,1,Very Wet
170,28.37,3,1,Very Wet
169,28.36,3,1,Very Wet
169,28.35,3,1,Very Wet
169,28.33,3,1,Very Wet
170,28.32,3,1,Very Wet
170,28.31,3,1,Very Wet
170,28.3,3,1,Very Wet
170,28.29,3,1,Very Wet
170,28.28,3,1,Very Wet
169,28.27,3,1,Very Wet
169,28.26,3,1,Very Wet
170,28.25,3,1,Very Wet
170,28.24,3,1,Very Wet
169,28.23,3,1,Very Wet
169,28.23,3,1,Very Wet
169,28.22,3,1,Very Wet
169,28.21,3,1,Very Wet
170,28.2,3,1,Very Wet
169,28.2,3,1,Very Wet
168,28.19,3,1,Very Wet
170,28.18,3,1,Very Wet
170,28.17,3,1,Very Wet
169,28.16,3,1,Very Wet
170,28.16,3,1,Very Wet
169,28.15,3,1,Very Wet
170,28.14,3,1,Very Wet
170,28.13,3,1,Very Wet
176,28.13,3,1,Very Wet
170,28.12,3,1,Very Wet
169,28.11,3,1,Very Wet
170,28.11,3,1,Very Wet
169,28.1,3,1,Very Wet
170,28.09,3,1,Very Wet
170,28.09,3,1,Very Wet
169,28.08,3,1,Very Wet
170,28.08,3,1,Very Wet
169,28.07,3,1,Very Wet
168,28.07,3,1,Very Wet
170,28.07,3,1,Very Wet
170,28.06,3,1,Very Wet
170,28.06,3,1,Very Wet
170,28.05,3,1,Very Wet
170,28.05,3,1,Very Wet
170,28.05,3,1,Very Wet
170,28.04,3,1,Very Wet
168,28.19,3,1,Very Wet
170,28.48,3,1,Very Wet
170,28.82,3,1,Very Wet
170,29.1,3,1,Very Wet
170,29.29,3,1,Very Wet
372,29.37,0,0,Very Dry
323,29.49,1,0,Dry
285,29.58,1,0,Dry
371,29.64,0,0,Very Dry
365,29.68,0,0,Very Dry
315,29.7,1,0,Dry
278,29.7,1,0,Dry
243,29.7,2,1,Wet
286,29.68,1,0,Dry
477,29.66,0,0,Very Dry
480,29.64,0,0,Very Dry
386,29.63,0,0,Very Dry
377,29.59,0,0,Very Dry
384,29.56,0,0,Very Dry
379,29.52,0,0,Very Dry
380,29.49,0,0,Very Dry
383,29.45,0,0,Very Dry
382,29.42,0,0,Very Dry
381,29.38,0,0,Very Dry
382,29.34,0,0,Very Dry
382,29.3,0,0,Very Dry
393,29.27,0,0,Very Dry
378,29.25,0,0,Very Dry
383,29.21,0,0,Very Dry
383,29.18,0,0,Very Dry
383,29.14,0,0,Very Dry
386,29.11,0,0,Very Dry
383,29.07,0,0,Very Dry
380,29.04,0,0,Very Dry
380,29.01,0,0,Very Dry
384,28.98,0,0,Very Dry
381,28.95,0,0,Very Dry
383,28.92,0,0,Very Dry
383,28.91,0,0,Very Dry
382,28.88,0,0,Very Dry
383,28.86,0,0,Very Dry
381,28.83,0,0,Very Dry
384,28.81,0,0,Very Dry
385,28.79,0,0,Very Dry
381,28.77,0,0,Very Dry
381,28.75,0,0,Very Dry
384,28.73,0,0,Very Dry
383,28.71,0,0,Very Dry
384,28.7,0,0,Very Dry
382,28.68,0,0,Very Dry
382,28.66,0,0,Very Dry
383,28.65,0,0,Very Dry
377,28.63,0,0,Very Dry
381,28.62,0,0,Very Dry
381,28.6,0,0,Very Dry
379,28.59,0,0,Very Dry
377,28.57,0,0,Very Dry
378,28.56,0,0,Very Dry
377,28.55,0,0,Very Dry
378,28.54,0,0,Very Dry
377,28.53,0,0,Very Dry
377,28.52,0,0,Very Dry
376,28.51,0,0,Very Dry
377,28.5,0,0,Very Dry
378,28.48,0,0,Very Dry
377,28.47,0,0,Very Dry
377,28.46,0,0,Very Dry
377,28.47,0,0,Very Dry
377,28.7,0,0,Very Dry
379,29.05,0,0,Very Dry
380,29.19,0,0,Very Dry
322,29.41,1,0,Dry
283,29.58,1,0,Dry
248,29.7,2,1,Wet
216,29.79,2,1,Wet
194,29.85,3,1,Very Wet
177,29.89,3,1,Very Wet
174,29.91,3,1,Very Wet
170,29.92,3,1,Very Wet
171,29.92,3,1,Very Wet
171,29.91,3,1,Very Wet
170,29.89,3,1,Very Wet
171,29.88,3,1,Very Wet
170,29.86,3,1,Very Wet
170,29.83,3,1,Very Wet
170,29.79,3,1,Very Wet
170,29.76,3,1,Very Wet
170,29.72,3,1,Very Wet
170,29.68,3,1,Very Wet
169,29.65,3,1,Very Wet
170,29.61,3,1,Very Wet
170,29.58,3,1,Very Wet
170,29.54,3,1,Very Wet
170,29.5,3,1,Very Wet
170,29.49,3,1,Very Wet
170,29.45,3,1,Very Wet
170,29.42,3,1,Very Wet
170,29.38,3,1,Very Wet
169,29.35,3,1,Very Wet
170,29.31,3,1,Very Wet
170,29.28,3,1,Very Wet
171,29.25,3,1,Very Wet
169,29.22,3,1,Very Wet
170,29.19,3,1,Very Wet
169,29.16,3,1,Very Wet
169,29.13,3,1,Very Wet
170,29.12,3,1,Very Wet
170,29.09,3,1,Very Wet
170,29.1,3,1,Very Wet
169,29.35,3,1,Very Wet
168,29.7,3,1,Very Wet
173,30.08,3,1,Very Wet
170,30.35,3,1,Very Wet
171,30.55,3,1,Very Wet
171,30.68,3,1,Very Wet
170,30.77,3,1,Very Wet
170,30.82,3,1,Very Wet
170,30.85,3,1,Very Wet
170,30.85,3,1,Very Wet
169,30.85,3,1,Very Wet
170,30.83,3,1,Very Wet
170,30.8,3,1,Very Wet
170,30.75,3,1,Very Wet
172,30.7,3,1,Very Wet
170,30.65,3,1,Very Wet
171,30.6,3,1,Very Wet
170,30.54,3,1,Very Wet
170,30.48,3,1,Very Wet
170,30.42,3,1,Very Wet
171,30.36,3,1,Very Wet
171,30.3,3,1,Very Wet
171,30.24,3,1,Very Wet
169,30.21,3,1,Very Wet
170,30.15,3,1,Very Wet
172,30.09,3,1,Very Wet
171,30.04,3,1,Very Wet
170,29.98,3,1,Very Wet
170,29.93,3,1,Very Wet
170,29.88,3,1,Very Wet
171,29.83,3,1,Very Wet
170,29.77,3,1,Very Wet
170,29.73,3,1,Very Wet
171,29.68,3,1,Very Wet
170,29.64,3,1,Very Wet
171,29.61,3,1,Very Wet
170,29.57,3,1,Very Wet
170,29.53,3,1,Very Wet
170,29.5,3,1,Very Wet
170,29.46,3,1,Very Wet
171,29.42,3,1,Very Wet
171,29.39,3,1,Very Wet
171,29.35,3,1,Very Wet
171,29.31,3,1,Very Wet
170,29.28,3,1,Very Wet
170,29.25,3,1,Very Wet
171,29.22,3,1,Very Wet
170,29.2,3,1,Very Wet
170,29.17,3,1,Very Wet
171,29.14,3,1,Very Wet
171,29.11,3,1,Very Wet
170,29.08,3,1,Very Wet
170,29.05,3,1,Very Wet
171,29.03,3,1,Very Wet
170,29.03,3,1,Very Wet
170,29.24,3,1,Very Wet
170,29.58,3,1,Very Wet
170,29.95,3,1,Very Wet
170,30.32,3,1,Very Wet
170,30.6,3,1,Very Wet
170,30.71,3,1,Very Wet
170,30.87,3,1,Very Wet
170,30.97,3,1,Very Wet
170,31.04,3,1,Very Wet
171,31.07,3,1,Very Wet
171,31.07,3,1,Very Wet
171,31.06,3,1,Very Wet
171,31.03,3,1,Very Wet
169,30.99,3,1,Very Wet
167,30.94,3,1,Very Wet
176,30.89,3,1,Very Wet
163,30.84,3,1,Very Wet
159,30.77,3,1,Very Wet
159,30.74,3,1,Very Wet
158,30.68,3,1,Very Wet
160,30.61,3,1,Very Wet
160,30.55,3,1,Very Wet
161,30.48,3,1,Very Wet
176,30.42,3,1,Very Wet
209,30.35,2,1,Wet
195,30.29,3,1,Very Wet
282,30.23,1,0,Dry
243,30.17,2,1,Wet
222,30.12,2,1,Wet
249,30.06,2,1,Wet
336,30.04,0,0,Very Dry
372,29.99,0,0,Very Dry
316,29.94,1,0,Dry
273,29.89,1,0,Dry
237,29.84,2,1,Wet
206,29.8,2,1,Wet
233,29.76,2,1,Wet
234,29.72,2,1,Wet
232,29.68,2,1,Wet
231,29.64,2,1,Wet
231,29.61,2,1,Wet
231,29.57,2,1,Wet
231,29.55,2,1,Wet
231,29.52,2,1,Wet
230,29.49,2,1,Wet
232,29.46,2,1,Wet
230,29.43,2,1,Wet
231,29.4,2,1,Wet
231,29.38,2,1,Wet
231,29.35,2,1,Wet
230,29.33,2,1,Wet
230,29.3,2,1,Wet
231,29.27,2,1,Wet
230,29.25,2,1,Wet
231,29.24,2,1,Wet
231,29.22,2,1,Wet
230,29.19,2,1,Wet
229,29.17,2,1,Wet
231,29.15,2,1,Wet
231,29.12,2,1,Wet
231,29.1,2,1,Wet
229,29.08,2,1,Wet
230,29.06,2,1,Wet
230,29.04,2,1,Wet
231,29.02,2,1,Wet
229,29,2,1,Wet
230,28.98,2,1,Wet
230,28.97,2,1,Wet
230,28.95,2,1,Wet
231,28.93,2,1,Wet
228,28.92,2,1,Wet
231,28.9,2,1,Wet
229,28.88,2,1,Wet
228,28.86,2,1,Wet
230,28.84,2,1,Wet
230,28.83,2,1,Wet
229,28.81,2,1,Wet
230,28.8,2,1,Wet
229,28.78,2,1,Wet
230,28.77,2,1,Wet
231,28.76,2,1,Wet
230,28.74,2,1,Wet
230,28.73,2,1,Wet
211,28.72,2,1,Wet
186,28.7,3,1,Very Wet
174,28.69,3,1,Very Wet
170,28.68,3,1,Very Wet
170,28.67,3,1,Very Wet
171,28.65,3,1,Very Wet
170,28.64,3,1,Very Wet
172,28.63,3,1,Very Wet
171,28.63,3,1,Very Wet
170,28.62,3,1,Very Wet
171,28.61,3,1,Very Wet
170,28.6,3,1,Very Wet
170,28.59,3,1,Very Wet
172,28.58,3,1,Very Wet
170,28.57,3,1,Very Wet
170,28.57,3,1,Very Wet
170,28.56,3,1,Very Wet
170,28.55,3,1,Very Wet
170,28.54,3,1,Very Wet
171,28.52,3,1,Very Wet
170,28.52,3,1,Very Wet
172,28.51,3,1,Very Wet
171,28.5,3,1,Very Wet
171,28.49,3,1,Very Wet
171,28.48,3,1,Very Wet
170,28.47,3,1,Very Wet
172,28.47,3,1,Very Wet
172,28.66,3,1,Very Wet
171,29.03,3,1,Very Wet
172,29.46,3,1,Very Wet
167,29.88,3,1,Very Wet
171,30.24,3,1,Very Wet
172,30.55,3,1,Very Wet
171,30.69,3,1,Very Wet
171,31,3,1,Very Wet
173,31.3,3,1,Very Wet
173,31.51,3,1,Very Wet
173,31.66,3,1,Very Wet
173,31.75,3,1,Very Wet
171,31.8,3,1,Very Wet
173,31.82,3,1,Very Wet
171,31.82,3,1,Very Wet
289,31.8,1,0,Dry
297,31.76,1,0,Dry
261,31.71,2,1,Wet
230,31.66,2,1,Wet
203,31.63,2,1,Wet
183,31.56,3,1,Very Wet
172,31.49,3,1,Very Wet
170,31.42,3,1,Very Wet
169,31.34,3,1,Very Wet
169,31.26,3,1,Very Wet
170,31.18,3,1,Very Wet
170,31.11,3,1,Very Wet
170,31.03,3,1,Very Wet
169,30.95,3,1,Very Wet
175,30.88,3,1,Very Wet
170,30.8,3,1,Very Wet
170,30.77,3,1,Very Wet
169,30.7,3,1,Very Wet
169,30.63,3,1,Very Wet
400,30.56,0,0,Very Dry
404,30.5,0,0,Very Dry
334,30.44,0,0,Very Dry
329,30.38,1,0,Dry
321,30.32,1,0,Dry
323,30.26,1,0,Dry
323,30.21,1,0,Dry
322,30.16,1,0,Dry
321,30.11,1,0,Dry
320,30.09,1,0,Dry
323,30.05,1,0,Dry
325,30,1,0,Dry
324,29.96,1,0,Dry
323,29.92,1,0,Dry
328,29.88,1,0,Dry
327,29.84,1,0,Dry
327,29.8,1,0,Dry
326,29.76,1,0,Dry
326,29.73,1,0,Dry
330,29.71,0,0,Very Dry
334,29.67,0,0,Very Dry
331,29.64,0,0,Very Dry
334,29.6,0,0,Very Dry
333,29.57,0,0,Very Dry
335,29.53,0,0,Very Dry
334,29.5,0,0,Very Dry
333,29.47,0,0,Very Dry
331,29.43,0,0,Very Dry
332,29.4,0,0,Very Dry
332,29.37,0,0,Very Dry
332,29.36,0,0,Very Dry
331,29.33,0,0,Very Dry
331,29.3,0,0,Very Dry
334,29.27,0,0,Very Dry
332,29.24,0,0,Very Dry
332,29.21,0,0,Very Dry
332,29.19,0,0,Very Dry
329,29.16,1,0,Dry
333,29.14,0,0,Very Dry
332,29.12,0,0,Very Dry
332,29.1,0,0,Very Dry
333,29.08,0,0,Very Dry
333,29.06,0,0,Very Dry
332,29.04,0,0,Very Dry
332,29.03,0,0,Very Dry
331,29.01,0,0,Very Dry
332,28.99,0,0,Very Dry
328,28.97,1,0,Dry
327,28.95,1,0,Dry
326,28.93,1,0,Dry
327,28.91,1,0,Dry
325,28.9,1,0,Dry
324,28.89,1,0,Dry
324,28.87,1,0,Dry
325,28.84,1,0,Dry
326,28.83,1,0,Dry
324,28.81,1,0,Dry
325,28.79,1,0,Dry
324,28.82,1,0,Dry
325,29.02,1,0,Dry
327,29.31,1,0,Dry
327,29.64,1,0,Dry
328,29.81,1,0,Dry
335,30.12,0,0,Very Dry
309,30.35,1,0,Dry
264,30.52,2,1,Wet
234,30.65,2,1,Wet
209,30.75,2,1,Wet
188,30.81,3,1,Very Wet
174,30.85,3,1,Very Wet
170,30.87,3,1,Very Wet
168,30.87,3,1,Very Wet
170,30.86,3,1,Very Wet
167,30.84,3,1,Very Wet
161,30.82,3,1,Very Wet
170,30.79,3,1,Very Wet
168,30.74,3,1,Very Wet
168,30.69,3,1,Very Wet
168,30.64,3,1,Very Wet
167,30.58,3,1,Very Wet
168,30.52,3,1,Very Wet
167,30.46,3,1,Very Wet
167,30.41,3,1,Very Wet
168,30.35,3,1,Very Wet
168,30.3,3,1,Very Wet
167,30.24,3,1,Very Wet
167,30.21,3,1,Very Wet
164,30.15,3,1,Very Wet
166,30.1,3,1,Very Wet
167,30.05,3,1,Very Wet
166,29.99,3,1,Very Wet
166,29.99,3,1,Very Wet
165,30.16,3,1,Very Wet
168,30.4,3,1,Very Wet
166,30.67,3,1,Very Wet
166,30.94,3,1,Very Wet
353,31.12,0,0,Very Dry
409,31.25,0,0,Very Dry
327,31.3,1,0,Dry
320,31.36,1,0,Dry
322,31.4,1,0,Dry
321,31.41,1,0,Dry
321,31.39,1,0,Dry
316,31.36,1,0,Dry
317,31.32,1,0,Dry
318,31.27,1,0,Dry
317,31.21,1,0,Dry
320,31.14,1,0,Dry
318,31.07,1,0,Dry
318,31.04,1,0,Dry
318,30.97,1,0,Dry
316,30.9,1,0,Dry
319,30.83,1,0,Dry
315,30.76,1,0,Dry
316,30.69,1,0,Dry
316,30.62,1,0,Dry
315,30.54,1,0,Dry
312,30.47,1,0,Dry
313,30.41,1,0,Dry
311,30.35,1,0,Dry
309,30.32,1,0,Dry
310,30.26,1,0,Dry
308,30.2,1,0,Dry
304,30.15,1,0,Dry
310,30.09,1,0,Dry
310,30.04,1,0,Dry
326,29.99,1,0,Dry
328,29.94,1,0,Dry
328,29.9,1,0,Dry
329,29.86,1,0,Dry
329,29.84,1,0,Dry
327,29.8,1,0,Dry
329,29.76,1,0,Dry
326,29.72,1,0,Dry
327,29.68,1,0,Dry
329,29.65,1,0,Dry
330,29.61,0,0,Very Dry
327,29.58,1,0,Dry
326,29.55,1,0,Dry
325,29.51,1,0,Dry
328,29.48,1,0,Dry
329,29.46,1,0,Dry
328,29.43,1,0,Dry
328,29.41,1,0,Dry
325,29.38,1,0,Dry
326,29.35,1,0,Dry
324,29.32,1,0,Dry
326,29.3,1,0,Dry
325,29.27,1,0,Dry
325,29.25,1,0,Dry
326,29.22,1,0,Dry
329,29.21,1,0,Dry
326,29.19,1,0,Dry
327,29.17,1,0,Dry
328,29.15,1,0,Dry
327,29.13,1,0,Dry
326,29.11,1,0,Dry
328,29.09,1,0,Dry
327,29.07,1,0,Dry
327,29.06,1,0,Dry
329,29.04,1,0,Dry
328,29.02,1,0,Dry
328,29.01,1,0,Dry
330,29,0,0,Very Dry
327,28.98,1,0,Dry
327,28.97,1,0,Dry
327,28.95,1,0,Dry
328,28.94,1,0,Dry
328,28.92,1,0,Dry
329,28.91,1,0,Dry
329,28.9,1,0,Dry
330,28.88,0,0,Very Dry
328,28.87,1,0,Dry
335,28.86,0,0,Very Dry
350,28.84,0,0,Very Dry
357,28.83,0,0,Very Dry
346,28.81,0,0,Very Dry
298,28.8,1,0,Dry
259,28.78,2,1,Wet
232,28.77,2,1,Wet
206,28.76,2,1,Wet
187,28.75,3,1,Very Wet
172,28.74,3,1,Very Wet
167,28.74,3,1,Very Wet
167,28.73,3,1,Very Wet
168,28.72,3,1,Very Wet
166,28.71,3,1,Very Wet
165,28.7,3,1,Very Wet
167,28.68,3,1,Very Wet
166,28.67,3,1,Very Wet
166,28.66,3,1,Very Wet
167,28.65,3,1,Very Wet
166,28.64,3,1,Very Wet
165,28.63,3,1,Very Wet
166,28.62,3,1,Very Wet
166,28.61,3,1,Very Wet
165,28.6,3,1,Very Wet
167,28.59,3,1,Very Wet
166,28.58,3,1,Very Wet
166,28.58,3,1,Very Wet
166,28.57,3,1,Very Wet
166,28.56,3,1,Very Wet
166,28.55,3,1,Very Wet
166,28.55,3,1,Very Wet
167,28.54,3,1,Very Wet
164,28.53,3,1,Very Wet
166,28.52,3,1,Very Wet
165,28.52,3,1,Very Wet
166,28.51,3,1,Very Wet
167,28.5,3,1,Very Wet
166,28.49,3,1,Very Wet
167,28.48,3,1,Very Wet
166,28.47,3,1,Very Wet
166,28.47,3,1,Very Wet
166,28.46,3,1,Very Wet
166,28.45,3,1,Very Wet
166,28.44,3,1,Very Wet
165,28.43,3,1,Very Wet
167,28.42,3,1,Very Wet
166,28.41,3,1,Very Wet
166,28.4,3,1,Very Wet
166,28.4,3,1,Very Wet
167,28.39,3,1,Very Wet
167,28.38,3,1,Very Wet
165,28.37,3,1,Very Wet
165,28.36,3,1,Very Wet
166,28.35,3,1,Very Wet
165,28.34,3,1,Very Wet
167,28.34,3,1,Very Wet
167,28.33,3,1,Very Wet
165,28.32,3,1,Very Wet
166,28.31,3,1,Very Wet
166,28.31,3,1,Very Wet
166,28.3,3,1,Very Wet
206,28.29,2,1,Wet
426,28.29,0,0,Very Dry
419,28.28,0,0,Very Dry
344,28.27,0,0,Very Dry
331,28.32,0,0,Very Dry
331,28.57,0,0,Very Dry
330,28.91,0,0,Very Dry
330,29.28,0,0,Very Dry
331,29.65,0,0,Very Dry
331,29.83,0,0,Very Dry
332,30.11,0,0,Very Dry
331,30.31,0,0,Very Dry
331,30.46,0,0,Very Dry
332,30.56,0,0,Very Dry
330,30.62,0,0,Very Dry
330,30.66,0,0,Very Dry
332,30.67,0,0,Very Dry
332,30.67,0,0,Very Dry
333,30.66,0,0,Very Dry
333,30.64,0,0,Very Dry
333,30.63,0,0,Very Dry
332,30.59,0,0,Very Dry
332,30.55,0,0,Very Dry
331,30.51,0,0,Very Dry
332,30.47,0,0,Very Dry
332,30.42,0,0,Very Dry
332,30.37,0,0,Very Dry
296,30.33,1,0,Dry
256,30.28,2,1,Wet
235,30.23,2,1,Wet
207,30.19,2,1,Wet
182,30.2,3,1,Very Wet
174,30.35,3,1,Very Wet
173,30.57,3,1,Very Wet
175,30.75,3,1,Very Wet
186,30.88,3,1,Very Wet
170,30.96,3,1,Very Wet
170,31,3,1,Very Wet
172,31.03,3,1,Very Wet
171,31.03,3,1,Very Wet
170,31.01,3,1,Very Wet
171,30.98,3,1,Very Wet
170,30.94,3,1,Very Wet
170,30.92,3,1,Very Wet
171,30.87,3,1,Very Wet
170,30.82,3,1,Very Wet
170,30.76,3,1,Very Wet
174,30.7,3,1,Very Wet
170,30.65,3,1,Very Wet
170,30.59,3,1,Very Wet
171,30.52,3,1,Very Wet
171,30.46,3,1,Very Wet
171,30.4,3,1,Very Wet
171,30.34,3,1,Very Wet
170,30.28,3,1,Very Wet
170,30.22,3,1,Very Wet
170,30.19,3,1,Very Wet
170,30.14,3,1,Very Wet
170,30.08,3,1,Very Wet
170,30.02,3,1,Very Wet
170,29.97,3,1,Very Wet
170,29.91,3,1,Very Wet
170,29.86,3,1,Very Wet
171,29.81,3,1,Very Wet
170,29.76,3,1,Very Wet
171,29.71,3,1,Very Wet
170,29.67,3,1,Very Wet
170,29.63,3,1,Very Wet
170,29.61,3,1,Very Wet
170,29.57,3,1,Very Wet
171,29.53,3,1,Very Wet
170,29.49,3,1,Very Wet
170,29.46,3,1,Very Wet
170,29.43,3,1,Very Wet
170,29.39,3,1,Very Wet
170,29.36,3,1,Very Wet
170,29.33,3,1,Very Wet
170,29.3,3,1,Very Wet
170,29.27,3,1,Very Wet
171,29.24,3,1,Very Wet
170,29.22,3,1,Very Wet
170,29.19,3,1,Very Wet
176,29.17,3,1,Very Wet
170,29.14,3,1,Very Wet
171,29.12,3,1,Very Wet
170,29.09,3,1,Very Wet
170,29.07,3,1,Very Wet
171,29.05,3,1,Very Wet
170,29.02,3,1,Very Wet
172,29,3,1,Very Wet
170,28.98,3,1,Very Wet
170,28.96,3,1,Very Wet
170,28.95,3,1,Very Wet
170,28.93,3,1,Very Wet
171,28.91,3,1,Very Wet
204,28.89,2,1,Wet
392,28.87,0,0,Very Dry
362,28.85,0,0,Very Dry
302,28.83,1,0,Dry
259,28.82,2,1,Wet
246,28.8,2,1,Wet
310,28.79,1,0,Dry
423,28.77,0,0,Very Dry
424,28.77,0,0,Very Dry
349,28.75,0,0,Very Dry
340,28.74,0,0,Very Dry
323,28.73,1,0,Dry
276,28.72,1,0,Dry
243,28.7,2,1,Wet
213,28.69,2,1,Wet
241,28.68,2,1,Wet
241,28.67,2,1,Wet
242,28.67,2,1,Wet
237,28.66,2,1,Wet
240,28.65,2,1,Wet
239,28.64,2,1,Wet
240,28.64,2,1,Wet
239,28.63,2,1,Wet
239,28.62,2,1,Wet
240,28.6,2,1,Wet
240,28.6,2,1,Wet
237,28.59,2,1,Wet
239,28.58,2,1,Wet
238,28.57,2,1,Wet
239,28.56,2,1,Wet
239,28.55,2,1,Wet
238,28.55,2,1,Wet
238,28.54,2,1,Wet
239,28.53,2,1,Wet
240,28.52,2,1,Wet
238,28.52,2,1,Wet
239,28.51,2,1,Wet
238,28.5,2,1,Wet
240,28.49,2,1,Wet
239,28.48,2,1,Wet
238,28.46,2,1,Wet
239,28.45,2,1,Wet
240,28.45,2,1,Wet
238,28.44,2,1,Wet
240,28.43,2,1,Wet
239,28.42,2,1,Wet
238,28.41,2,1,Wet
237,28.4,2,1,Wet
238,28.39,2,1,Wet
239,28.39,2,1,Wet
239,28.38,2,1,Wet
240,28.37,2,1,Wet
237,28.36,2,1,Wet
239,28.35,2,1,Wet
237,28.34,2,1,Wet
239,28.34,2,1,Wet
238,28.33,2,1,Wet
239,28.32,2,1,Wet
239,28.31,2,1,Wet
238,28.3,2,1,Wet
239,28.3,2,1,Wet
240,28.29,2,1,Wet
238,28.28,2,1,Wet
239,28.27,2,1,Wet
239,28.27,2,1,Wet
238,28.26,2,1,Wet
239,28.25,2,1,Wet
239,28.25,2,1,Wet
239,28.25,2,1,Wet
237,28.44,2,1,Wet
238,28.77,2,1,Wet
238,29.13,2,1,Wet
240,29.5,2,1,Wet
223,29.76,2,1,Wet
200,29.96,2,1,Wet
180,30.1,3,1,Very Wet
170,30.19,3,1,Very Wet
168,30.25,3,1,Very Wet
167,30.29,3,1,Very Wet
166,30.3,3,1,Very Wet
167,30.3,3,1,Very Wet
167,30.29,3,1,Very Wet
166,30.27,3,1,Very Wet
168,30.24,3,1,Very Wet
167,30.2,3,1,Very Wet
168,30.16,3,1,Very Wet
168,30.12,3,1,Very Wet
166,30.07,3,1,Very Wet
167,30.02,3,1,Very Wet
167,29.97,3,1,Very Wet
167,29.92,3,1,Very Wet
167,29.89,3,1,Very Wet
167,29.84,3,1,Very Wet
167,29.79,3,1,Very Wet
167,29.74,3,1,Very Wet
168,29.69,3,1,Very Wet
168,29.64,3,1,Very Wet
168,29.59,3,1,Very Wet
168,29.55,3,1,Very Wet
167,29.5,3,1,Very Wet
167,29.46,3,1,Very Wet
167,29.42,3,1,Very Wet
167,29.38,3,1,Very Wet
168,29.36,3,1,Very Wet
167,29.33,3,1,Very Wet
167,29.29,3,1,Very Wet
167,29.25,3,1,Very Wet
167,29.22,3,1,Very Wet
169,29.19,3,1,Very Wet
167,29.16,3,1,Very Wet
167,29.13,3,1,Very Wet
167,29.1,3,1,Very Wet
172,29.07,3,1,Very Wet
167,29.04,3,1,Very Wet
169,29.01,3,1,Very Wet
167,29,3,1,Very Wet
166,28.98,3,1,Very Wet
168,28.95,3,1,Very Wet
167,28.93,3,1,Very Wet
167,28.91,3,1,Very Wet
167,28.89,3,1,Very Wet
167,28.87,3,1,Very Wet
167,28.84,3,1,Very Wet
167,28.83,3,1,Very Wet
167,28.81,3,1,Very Wet
168,28.79,3,1,Very Wet
167,28.77,3,1,Very Wet
167,28.76,3,1,Very Wet
168,28.75,3,1,Very Wet
167,28.73,3,1,Very Wet
167,28.72,3,1,Very Wet
167,28.7,3,1,Very Wet
167,28.69,3,1,Very Wet
166,28.67,3,1,Very Wet
166,28.66,3,1,Very Wet
167,28.64,3,1,Very Wet
167,28.63,3,1,Very Wet
167,28.61,3,1,Very Wet
168,28.6,3,1,Very Wet
167,28.58,3,1,Very Wet
167,28.59,3,1,Very Wet
166,28.8,3,1,Very Wet
166,29.12,3,1,Very Wet
167,29.47,3,1,Very Wet
404,29.74,0,0,Very Dry
414,29.92,0,0,Very Dry
352,30.06,0,0,Very Dry
339,30.14,0,0,Very Dry
337,30.2,0,0,Very Dry
344,30.22,0,0,Very Dry
342,30.23,0,0,Very Dry
343,30.23,0,0,Very Dry
340,30.21,0,0,Very Dry
339,30.19,0,0,Very Dry
339,30.15,0,0,Very Dry
339,30.11,0,0,Very Dry
342,30.07,0,0,Very Dry
338,30.02,0,0,Very Dry
344,29.97,0,0,Very Dry
342,29.92,0,0,Very Dry
340,29.86,0,0,Very Dry
339,29.81,0,0,Very Dry
336,29.78,0,0,Very Dry
339,29.73,0,0,Very Dry
339,29.68,0,0,Very Dry
339,29.63,0,0,Very Dry
340,29.58,0,0,Very Dry
340,29.53,0,0,Very Dry
341,29.48,0,0,Very Dry
340,29.43,0,0,Very Dry
344,29.39,0,0,Very Dry
346,29.34,0,0,Very Dry
340,29.32,0,0,Very Dry
341,29.28,0,0,Very Dry
342,29.24,0,0,Very Dry
341,29.2,0,0,Very Dry
342,29.17,0,0,Very Dry
342,29.13,0,0,Very Dry
342,29.1,0,0,Very Dry
342,29.07,0,0,Very Dry
345,29.04,0,0,Very Dry
341,29.01,0,0,Very Dry
340,28.98,0,0,Very Dry
341,28.97,0,0,Very Dry
341,28.94,0,0,Very Dry
340,28.91,0,0,Very Dry
340,28.88,0,0,Very Dry
339,28.86,0,0,Very Dry
340,28.83,0,0,Very Dry
340,28.81,0,0,Very Dry
340,28.79,0,0,Very Dry
342,28.76,0,0,Very Dry
343,28.74,0,0,Very Dry
339,28.73,0,0,Very Dry
341,28.71,0,0,Very Dry
341,28.69,0,0,Very Dry
341,28.67,0,0,Very Dry
344,28.65,0,0,Very Dry
344,28.63,0,0,Very Dry
342,28.62,0,0,Very Dry
344,28.6,0,0,Very Dry
343,28.58,0,0,Very Dry
342,28.56,0,0,Very Dry
342,28.54,0,0,Very Dry
343,28.53,0,0,Very Dry
341,28.52,0,0,Very Dry
341,28.5,0,0,Very Dry
340,28.49,0,0,Very Dry
340,28.48,0,0,Very Dry
340,28.46,0,0,Very Dry
339,28.56,0,0,Very Dry
339,28.87,0,0,Very Dry
340,29.24,0,0,Very Dry
341,29.58,0,0,Very Dry
352,29.71,0,0,Very Dry
339,29.92,0,0,Very Dry
288,30.07,1,0,Dry
265,30.18,2,1,Wet
217,30.25,2,1,Wet
194,30.29,3,1,Very Wet
214,30.31,2,1,Wet
221,30.32,2,1,Wet
222,30.31,2,1,Wet
221,30.29,2,1,Wet
221,30.26,2,1,Wet
220,30.22,2,1,Wet
221,30.2,2,1,Wet
220,30.16,2,1,Wet
220,30.11,2,1,Wet
222,30.07,2,1,Wet
220,30.02,2,1,Wet
222,29.98,2,1,Wet
217,29.93,2,1,Wet
220,29.89,2,1,Wet
222,29.84,2,1,Wet
221,29.8,2,1,Wet
220,29.75,2,1,Wet
220,29.71,2,1,Wet
220,29.69,2,1,Wet
219,29.64,2,1,Wet
221,29.6,2,1,Wet
220,29.56,2,1,Wet
220,29.51,2,1,Wet
220,29.47,2,1,Wet
220,29.43,2,1,Wet
221,29.39,2,1,Wet
220,29.36,2,1,Wet
220,29.32,2,1,Wet
222,29.28,2,1,Wet
219,29.25,2,1,Wet
219,29.23,2,1,Wet
222,29.2,2,1,Wet
220,29.17,2,1,Wet
220,29.14,2,1,Wet
220,29.11,2,1,Wet
218,29.08,2,1,Wet
221,29.06,2,1,Wet
220,29.03,2,1,Wet
219,29.01,2,1,Wet
220,28.98,2,1,Wet
220,28.96,2,1,Wet
221,28.93,2,1,Wet
221,28.92,2,1,Wet
219,28.9,2,1,Wet
218,28.88,2,1,Wet
219,28.86,2,1,Wet
220,28.84,2,1,Wet
220,28.82,2,1,Wet
219,28.81,2,1,Wet
221,28.79,2,1,Wet
220,28.77,2,1,Wet
220,28.75,2,1,Wet
219,28.73,2,1,Wet
221,28.71,2,1,Wet
220,28.71,2,1,Wet
220,28.69,2,1,Wet
220,28.67,2,1,Wet
220,28.65,2,1,Wet
220,28.64,2,1,Wet
219,28.62,2,1,Wet
219,28.61,2,1,Wet
221,28.59,2,1,Wet
220,28.58,2,1,Wet
220,28.57,2,1,Wet
221,28.55,2,1,Wet
219,28.54,2,1,Wet
221,28.53,2,1,Wet
220,28.52,2,1,Wet
220,28.51,2,1,Wet
221,28.5,2,1,Wet
221,28.49,2,1,Wet
220,28.48,2,1,Wet
220,28.49,2,1,Wet
219,28.67,2,1,Wet
220,28.94,2,1,Wet
220,29.26,2,1,Wet
222,29.59,2,1,Wet
219,29.92,2,1,Wet
219,30.09,2,1,Wet
219,30.4,2,1,Wet
218,30.7,2,1,Wet
226,30.98,2,1,Wet
197,31.19,3,1,Very Wet
184,31.34,3,1,Very Wet
168,31.43,3,1,Very Wet
166,31.48,3,1,Very Wet
164,31.5,3,1,Very Wet
164,31.49,3,1,Very Wet
164,31.46,3,1,Very Wet
162,31.41,3,1,Very Wet
164,31.38,3,1,Very Wet
164,31.32,3,1,Very Wet
165,31.24,3,1,Very Wet
164,31.17,3,1,Very Wet
164,31.08,3,1,Very Wet
166,31,3,1,Very Wet
165,30.92,3,1,Very Wet
164,30.85,3,1,Very Wet
164,30.77,3,1,Very Wet
164,30.69,3,1,Very Wet
164,30.62,3,1,Very Wet
164,30.55,3,1,Very Wet
164,30.48,3,1,Very Wet
169,30.44,3,1,Very Wet
164,30.38,3,1,Very Wet
163,30.31,3,1,Very Wet
164,30.24,3,1,Very Wet
164,30.18,3,1,Very Wet
164,30.12,3,1,Very Wet
164,30.06,3,1,Very Wet
164,29.99,3,1,Very Wet
164,29.94,3,1,Very Wet
164,29.88,3,1,Very Wet
164,29.83,3,1,Very Wet
164,29.77,3,1,Very Wet
164,29.75,3,1,Very Wet
164,29.7,3,1,Very Wet
164,29.65,3,1,Very Wet
165,29.61,3,1,Very Wet
164,29.57,3,1,Very Wet
164,29.52,3,1,Very Wet
164,29.49,3,1,Very Wet
164,29.45,3,1,Very Wet
165,29.42,3,1,Very Wet
164,29.38,3,1,Very Wet
164,29.35,3,1,Very Wet
164,29.31,3,1,Very Wet
164,29.3,3,1,Very Wet
163,29.26,3,1,Very Wet
164,29.23,3,1,Very Wet
164,29.21,3,1,Very Wet
164,29.18,3,1,Very Wet
164,29.16,3,1,Very Wet
164,29.14,3,1,Very Wet
164,29.11,3,1,Very Wet
164,29.09,3,1,Very Wet
164,29.07,3,1,Very Wet
164,29.05,3,1,Very Wet
165,29.02,3,1,Very Wet
164,29.01,3,1,Very Wet
164,28.99,3,1,Very Wet
164,28.97,3,1,Very Wet
164,28.95,3,1,Very Wet
164,28.94,3,1,Very Wet
164,28.92,3,1,Very Wet
164,28.9,3,1,Very Wet
163,28.88,3,1,Very Wet
164,28.86,3,1,Very Wet
164,28.84,3,1,Very Wet
164,28.83,3,1,Very Wet
164,28.82,3,1,Very Wet
164,28.8,3,1,Very Wet
163,28.79,3,1,Very Wet
164,28.78,3,1,Very Wet
163,28.76,3,1,Very Wet
164,28.75,3,1,Very Wet
164,28.74,3,1,Very Wet
163,28.73,3,1,Very Wet
163,28.71,3,1,Very Wet
164,28.7,3,1,Very Wet
163,28.69,3,1,Very Wet
163,28.67,3,1,Very Wet
159,28.67,3,1,Very Wet
164,28.65,3,1,Very Wet
164,28.64,3,1,Very Wet
164,28.63,3,1,Very Wet
164,28.62,3,1,Very Wet
164,28.6,3,1,Very Wet
164,28.59,3,1,Very Wet
163,28.58,3,1,Very Wet
164,28.57,3,1,Very Wet
163,28.55,3,1,Very Wet
163,28.54,3,1,Very Wet
164,28.53,3,1,Very Wet
162,28.52,3,1,Very Wet
165,28.51,3,1,Very Wet
165,28.5,3,1,Very Wet
164,28.49,3,1,Very Wet
164,28.47,3,1,Very Wet
164,28.46,3,1,Very Wet
164,28.44,3,1,Very Wet
164,28.43,3,1,Very Wet
164,28.42,3,1,Very Wet
164,28.4,3,1,Very Wet
164,28.39,3,1,Very Wet
164,28.38,3,1,Very Wet
167,28.37,3,1,Very Wet
166,28.36,3,1,Very Wet
166,28.35,3,1,Very Wet
164,28.34,3,1,Very Wet
163,28.33,3,1,Very Wet
164,28.32,3,1,Very Wet
164,28.31,3,1,Very Wet
164,28.3,3,1,Very Wet
164,28.29,3,1,Very Wet
164,28.28,3,1,Very Wet
163,28.27,3,1,Very Wet
164,28.26,3,1,Very Wet
164,28.26,3,1,Very Wet
163,28.25,3,1,Very Wet
165,28.24,3,1,Very Wet
164,28.24,3,1,Very Wet
164,28.23,3,1,Very Wet
165,28.22,3,1,Very Wet
164,28.22,3,1,Very Wet
164,28.21,3,1,Very Wet
164,28.21,3,1,Very Wet
164,28.2,3,1,Very Wet
164,28.19,3,1,Very Wet
164,28.19,3,1,Very Wet
163,28.19,3,1,Very Wet
166,28.18,3,1,Very Wet
162,28.17,3,1,Very Wet
164,28.17,3,1,Very Wet
163,28.16,3,1,Very Wet
163,28.16,3,1,Very Wet
163,28.15,3,1,Very Wet
164,28.15,3,1,Very Wet
164,28.14,3,1,Very Wet
162,28.13,3,1,Very Wet
164,28.13,3,1,Very Wet
163,28.13,3,1,Very Wet
162,28.12,3,1,Very Wet
259,28.11,2,1,Wet
408,28.11,0,0,Very Dry
332,28.1,0,0,Very Dry
286,28.1,1,0,Dry
250,28.23,2,1,Wet
216,28.53,2,1,Wet
234,28.9,2,1,Wet
234,29.27,2,1,Wet
234,29.6,2,1,Wet
235,29.83,2,1,Wet
234,29.93,2,1,Wet
234,30.07,2,1,Wet
235,30.17,2,1,Wet
235,30.24,2,1,Wet
239,30.28,2,1,Wet
234,30.29,2,1,Wet
235,30.29,2,1,Wet
234,30.28,2,1,Wet
234,30.24,2,1,Wet
234,30.21,2,1,Wet
236,30.17,2,1,Wet
235,30.12,2,1,Wet
235,30.1,2,1,Wet
235,30.05,2,1,Wet
237,29.99,2,1,Wet
235,29.94,2,1,Wet
235,29.88,2,1,Wet
238,29.83,2,1,Wet
237,29.77,2,1,Wet
234,29.72,2,1,Wet
234,29.67,2,1,Wet
235,29.61,2,1,Wet
234,29.56,2,1,Wet
234,29.51,2,1,Wet
234,29.49,2,1,Wet
237,29.44,2,1,Wet
236,29.4,2,1,Wet
238,29.36,2,1,Wet
238,29.31,2,1,Wet
237,29.27,2,1,Wet
236,29.23,2,1,Wet
237,29.2,2,1,Wet
237,29.16,2,1,Wet
237,29.13,2,1,Wet
237,29.09,2,1,Wet
236,29.06,2,1,Wet
237,29.05,2,1,Wet
236,29.02,2,1,Wet
237,28.99,2,1,Wet
234,28.97,2,1,Wet
234,29.14,2,1,Wet
235,29.4,2,1,Wet
234,29.69,2,1,Wet
234,30,2,1,Wet
234,30.31,2,1,Wet
234,30.61,2,1,Wet
235,30.9,2,1,Wet
232,31.11,2,1,Wet
204,31.26,2,1,Wet
182,31.32,3,1,Very Wet
172,31.39,3,1,Very Wet
171,31.44,3,1,Very Wet
171,31.46,3,1,Very Wet
170,31.45,3,1,Very Wet
170,31.43,3,1,Very Wet
170,31.4,3,1,Very Wet
169,31.36,3,1,Very Wet
167,31.31,3,1,Very Wet
167,31.26,3,1,Very Wet
167,31.2,3,1,Very Wet
166,31.13,3,1,Very Wet
167,31.1,3,1,Very Wet
167,31.03,3,1,Very Wet
167,30.95,3,1,Very Wet
167,30.88,3,1,Very Wet
167,30.8,3,1,Very Wet
168,30.73,3,1,Very Wet
167,30.65,3,1,Very Wet
167,30.58,3,1,Very Wet
170,30.51,3,1,Very Wet
167,30.44,3,1,Very Wet
167,30.37,3,1,Very Wet
167,30.3,3,1,Very Wet
166,30.24,3,1,Very Wet
166,30.21,3,1,Very Wet
166,30.15,3,1,Very Wet
166,30.09,3,1,Very Wet
167,30.03,3,1,Very Wet
166,29.97,3,1,Very Wet
167,29.92,3,1,Very Wet
168,29.87,3,1,Very Wet
166,29.82,3,1,Very Wet
167,29.77,3,1,Very Wet
167,29.73,3,1,Very Wet
167,29.69,3,1,Very Wet
167,29.65,3,1,Very Wet
167,29.63,3,1,Very Wet
166,29.59,3,1,Very Wet
167,29.55,3,1,Very Wet
167,29.52,3,1,Very Wet
166,29.48,3,1,Very Wet
167,29.45,3,1,Very Wet
166,29.42,3,1,Very Wet
167,29.39,3,1,Very Wet
166,29.36,3,1,Very Wet
167,29.33,3,1,Very Wet
168,29.3,3,1,Very Wet
166,29.27,3,1,Very Wet
166,29.26,3,1,Very Wet
167,29.23,3,1,Very Wet
165,29.2,3,1,Very Wet
166,29.17,3,1,Very Wet
167,29.15,3,1,Very Wet
167,29.12,3,1,Very Wet
167,29.1,3,1,Very Wet
167,29.07,3,1,Very Wet
165,29.04,3,1,Very Wet
167,29.02,3,1,Very Wet
167,29,3,1,Very Wet
167,28.98,3,1,Very Wet
167,28.97,3,1,Very Wet
167,28.94,3,1,Very Wet
167,28.92,3,1,Very Wet
167,28.9,3,1,Very Wet
166,28.88,3,1,Very Wet
167,28.86,3,1,Very Wet
166,28.84,3,1,Very Wet
167,28.82,3,1,Very Wet
167,28.8,3,1,Very Wet
166,28.78,3,1,Very Wet
167,28.76,3,1,Very Wet
167,28.75,3,1,Very Wet
167,28.74,3,1,Very Wet
167,28.72,3,1,Very Wet
168,28.7,3,1,Very Wet
167,28.68,3,1,Very Wet
166,28.67,3,1,Very Wet
167,28.65,3,1,Very Wet
166,28.64,3,1,Very Wet
166,28.62,3,1,Very Wet
165,28.6,3,1,Very Wet
165,28.59,3,1,Very Wet
167,28.58,3,1,Very Wet
170,28.57,3,1,Very Wet
169,28.56,3,1,Very Wet
170,28.54,3,1,Very Wet
169,28.53,3,1,Very Wet
170,28.52,3,1,Very Wet
168,28.5,3,1,Very Wet
167,28.49,3,1,Very Wet
167,28.48,3,1,Very Wet
167,28.47,3,1,Very Wet
167,28.46,3,1,Very Wet
166,28.45,3,1,Very Wet
166,28.44,3,1,Very Wet
167,28.43,3,1,Very Wet
167,28.43,3,1,Very Wet
167,28.42,3,1,Very Wet
164,28.41,3,1,Very Wet
167,28.4,3,1,Very Wet
168,28.39,3,1,Very Wet
167,28.38,3,1,Very Wet
166,28.37,3,1,Very Wet
167,28.37,3,1,Very Wet
167,28.36,3,1,Very Wet
166,28.35,3,1,Very Wet
167,28.34,3,1,Very Wet
166,28.34,3,1,Very Wet
167,28.33,3,1,Very Wet
167,28.33,3,1,Very Wet
199,28.32,3,1,Very Wet
402,28.31,0,0,Very Dry
374,28.31,0,0,Very Dry
327,28.3,1,0,Dry
327,28.29,1,0,Dry
327,28.29,1,0,Dry
328,28.29,1,0,Dry
330,28.51,0,0,Very Dry
329,28.67,1,0,Dry
335,29.01,0,0,Very Dry
337,29.27,0,0,Very Dry
336,29.45,0,0,Very Dry
336,29.58,0,0,Very Dry
335,29.67,0,0,Very Dry
339,29.73,0,0,Very Dry
336,29.77,0,0,Very Dry
335,29.78,0,0,Very Dry
336,29.78,0,0,Very Dry
327,29.77,1,0,Dry
335,29.76,0,0,Very Dry
337,29.74,0,0,Very Dry
336,29.71,0,0,Very Dry
338,29.68,0,0,Very Dry
338,29.64,0,0,Very Dry
336,29.6,0,0,Very Dry
340,29.56,0,0,Very Dry
339,29.52,0,0,Very Dry
339,29.49,0,0,Very Dry
339,29.45,0,0,Very Dry
339,29.41,0,0,Very Dry
341,29.39,0,0,Very Dry
342,29.35,0,0,Very Dry
340,29.31,0,0,Very Dry
342,29.27,0,0,Very Dry
347,29.23,0,0,Very Dry
345,29.19,0,0,Very Dry
342,29.16,0,0,Very Dry
341,29.12,0,0,Very Dry
343,29.09,0,0,Very Dry
342,29.05,0,0,Very Dry
342,29.04,0,0,Very Dry
341,29.01,0,0,Very Dry
345,28.98,0,0,Very Dry
343,28.95,0,0,Very Dry
343,28.92,0,0,Very Dry
344,28.89,0,0,Very Dry
339,28.86,0,0,Very Dry
338,28.84,0,0,Very Dry
339,28.81,0,0,Very Dry
338,28.79,0,0,Very Dry
338,28.77,0,0,Very Dry
339,28.76,0,0,Very Dry
337,28.74,0,0,Very Dry
338,28.72,0,0,Very Dry
338,28.7,0,0,Very Dry
338,28.69,0,0,Very Dry
339,28.67,0,0,Very Dry
336,28.66,0,0,Very Dry
348,28.64,0,0,Very Dry
337,28.63,0,0,Very Dry
337,28.62,0,0,Very Dry
336,28.61,0,0,Very Dry
336,28.6,0,0,Very Dry
337,28.58,0,0,Very Dry
336,28.57,0,0,Very Dry
338,28.56,0,0,Very Dry
335,28.55,0,0,Very Dry
336,28.54,0,0,Very Dry
336,28.53,0,0,Very Dry
335,28.52,0,0,Very Dry
334,28.51,0,0,Very Dry
335,28.51,0,0,Very Dry
335,28.5,0,0,Very Dry
337,28.49,0,0,Very Dry
338,28.48,0,0,Very Dry
337,28.47,0,0,Very Dry
339,28.46,0,0,Very Dry
339,28.45,0,0,Very Dry
338,28.44,0,0,Very Dry
339,28.43,0,0,Very Dry
339,28.42,0,0,Very Dry
339,28.41,0,0,Very Dry
341,28.4,0,0,Very Dry
338,28.39,0,0,Very Dry
339,28.38,0,0,Very Dry
339,28.38,0,0,Very Dry
339,28.37,0,0,Very Dry
340,28.36,0,0,Very Dry
342,28.35,0,0,Very Dry
342,28.34,0,0,Very Dry
342,28.34,0,0,Very Dry
343,28.33,0,0,Very Dry
341,28.33,0,0,Very Dry
342,28.32,0,0,Very Dry
342,28.31,0,0,Very Dry
342,28.31,0,0,Very Dry
340,28.3,0,0,Very Dry
339,28.3,0,0,Very Dry
339,28.29,0,0,Very Dry
339,28.29,0,0,Very Dry
339,28.28,0,0,Very Dry
340,28.28,0,0,Very Dry
339,28.27,0,0,Very Dry
339,28.27,0,0,Very Dry
337,28.26,0,0,Very Dry
339,28.26,0,0,Very Dry
339,28.25,0,0,Very Dry
339,28.25,0,0,Very Dry
339,28.24,0,0,Very Dry
339,28.24,0,0,Very Dry
342,28.23,0,0,Very Dry
343,28.23,0,0,Very Dry
341,28.23,0,0,Very Dry
340,28.22,0,0,Very Dry
339,28.22,0,0,Very Dry
337,28.22,0,0,Very Dry
338,28.22,0,0,Very Dry
338,28.21,0,0,Very Dry
336,28.21,0,0,Very Dry
335,28.21,0,0,Very Dry
336,28.21,0,0,Very Dry
336,28.2,0,0,Very Dry
338,28.2,0,0,Very Dry
335,28.2,0,0,Very Dry
335,28.2,0,0,Very Dry
336,28.19,0,0,Very Dry
334,28.19,0,0,Very Dry
336,28.19,0,0,Very Dry
336,28.18,0,0,Very Dry
336,28.18,0,0,Very Dry
337,28.18,0,0,Very Dry
298,28.18,1,0,Dry
254,28.18,2,1,Wet
217,28.35,2,1,Wet
194,28.51,3,1,Very Wet
174,28.89,3,1,Very Wet
164,29.3,3,1,Very Wet
159,29.71,3,1,Very Wet
162,30.08,3,1,Very Wet
198,30.36,3,1,Very Wet
200,30.57,2,1,Wet
391,30.71,0,0,Very Dry
411,30.8,0,0,Very Dry
342,30.85,0,0,Very Dry
335,30.88,0,0,Very Dry
334,30.88,0,0,Very Dry
333,30.88,0,0,Very Dry
332,30.86,0,0,Very Dry
333,30.82,0,0,Very Dry
346,30.78,0,0,Very Dry
350,30.73,0,0,Very Dry
350,30.67,0,0,Very Dry
313,30.61,1,0,Dry
268,30.54,2,1,Wet
241,30.48,2,1,Wet
212,30.41,2,1,Wet
190,30.35,3,1,Very Wet
174,30.32,3,1,Very Wet
169,30.26,3,1,Very Wet
168,30.2,3,1,Very Wet
168,30.14,3,1,Very Wet
169,30.09,3,1,Very Wet
169,30.03,3,1,Very Wet
169,29.97,3,1,Very Wet
169,29.92,3,1,Very Wet
168,29.86,3,1,Very Wet
170,29.81,3,1,Very Wet
167,29.76,3,1,Very Wet
168,29.72,3,1,Very Wet
170,29.69,3,1,Very Wet
169,29.65,3,1,Very Wet
167,29.6,3,1,Very Wet
168,29.56,3,1,Very Wet
168,29.52,3,1,Very Wet
170,29.48,3,1,Very Wet
170,29.44,3,1,Very Wet
168,29.4,3,1,Very Wet
170,29.37,3,1,Very Wet
167,29.51,3,1,Very Wet
167,29.77,3,1,Very Wet
169,30.05,3,1,Very Wet
160,30.16,3,1,Very Wet
207,30.34,2,1,Wet
187,30.45,3,1,Very Wet
199,30.53,3,1,Very Wet
241,30.57,2,1,Wet
218,30.6,2,1,Wet
309,30.6,1,0,Dry
262,30.6,2,1,Wet
313,30.58,1,0,Dry
409,30.55,0,0,Very Dry
330,30.52,0,0,Very Dry
282,30.47,1,0,Dry
243,30.45,2,1,Wet
208,30.4,2,1,Wet
236,30.35,2,1,Wet
238,30.29,2,1,Wet
238,30.23,2,1,Wet
238,30.17,2,1,Wet
237,30.12,2,1,Wet
238,30.06,2,1,Wet
237,30,2,1,Wet
237,29.95,2,1,Wet
236,29.9,2,1,Wet
237,29.85,2,1,Wet
237,29.83,2,1,Wet
238,29.78,2,1,Wet
237,29.73,2,1,Wet
237,29.69,2,1,Wet
237,29.65,2,1,Wet
237,29.61,2,1,Wet
237,29.57,2,1,Wet
238,29.53,2,1,Wet
238,29.5,2,1,Wet
237,29.46,2,1,Wet
236,29.42,2,1,Wet
237,29.39,2,1,Wet
237,29.37,2,1,Wet
238,29.34,2,1,Wet
237,29.3,2,1,Wet
232,29.27,2,1,Wet
238,29.24,2,1,Wet
238,29.21,2,1,Wet
237,29.18,2,1,Wet
237,29.16,2,1,Wet
238,29.13,2,1,Wet
237,29.1,2,1,Wet
237,29.07,2,1,Wet
236,29.05,2,1,Wet
237,29.03,2,1,Wet
238,29.01,2,1,Wet
237,28.98,2,1,Wet
235,28.96,2,1,Wet
237,28.93,2,1,Wet
237,28.91,2,1,Wet
237,28.91,2,1,Wet
237,29.13,2,1,Wet
237,29.46,2,1,Wet
237,29.82,2,1,Wet
237,30.18,2,1,Wet
238,30.46,2,1,Wet
216,30.57,2,1,Wet
191,30.73,3,1,Very Wet
173,30.85,3,1,Very Wet
164,30.92,3,1,Very Wet
162,30.95,3,1,Very Wet
161,30.97,3,1,Very Wet
161,30.96,3,1,Very Wet
163,30.93,3,1,Very Wet
162,30.9,3,1,Very Wet
161,30.85,3,1,Very Wet
160,30.79,3,1,Very Wet
162,30.73,3,1,Very Wet
162,30.69,3,1,Very Wet
161,30.63,3,1,Very Wet
174,30.56,3,1,Very Wet
162,30.49,3,1,Very Wet
162,30.42,3,1,Very Wet
162,30.35,3,1,Very Wet
162,30.28,3,1,Very Wet
162,30.21,3,1,Very Wet
161,30.14,3,1,Very Wet
162,30.08,3,1,Very Wet
161,30.01,3,1,Very Wet
162,29.95,3,1,Very Wet
162,29.92,3,1,Very Wet
161,29.86,3,1,Very Wet
162,29.8,3,1,Very Wet
161,29.75,3,1,Very Wet
160,29.7,3,1,Very Wet
161,29.65,3,1,Very Wet
163,29.6,3,1,Very Wet
161,29.55,3,1,Very Wet
162,29.5,3,1,Very Wet
161,29.46,3,1,Very Wet
161,29.42,3,1,Very Wet
162,29.38,3,1,Very Wet
162,29.37,3,1,Very Wet
162,29.33,3,1,Very Wet
161,29.29,3,1,Very Wet
161,29.26,3,1,Very Wet
161,29.23,3,1,Very Wet
165,29.2,3,1,Very Wet
353,29.17,0,0,Very Dry
408,29.15,0,0,Very Dry
339,29.12,0,0,Very Dry
337,29.1,0,0,Very Dry
338,29.24,0,0,Very Dry
336,29.51,0,0,Very Dry
334,29.67,0,0,Very Dry
336,29.99,0,0,Very Dry
336,30.31,0,0,Very Dry
337,30.53,0,0,Very Dry
339,30.69,0,0,Very Dry
339,30.8,0,0,Very Dry
341,30.86,0,0,Very Dry
339,30.9,0,0,Very Dry
339,30.92,0,0,Very Dry
341,30.91,0,0,Very Dry
342,30.9,0,0,Very Dry
342,30.88,0,0,Very Dry
343,30.84,0,0,Very Dry
343,30.79,0,0,Very Dry
341,30.74,0,0,Very Dry
341,30.68,0,0,Very Dry
344,30.63,0,0,Very Dry
343,30.57,0,0,Very Dry
344,30.5,0,0,Very Dry
343,30.44,0,0,Very Dry
343,30.38,0,0,Very Dry
341,30.35,0,0,Very Dry
335,30.29,0,0,Very Dry
341,30.23,0,0,Very Dry
339,30.16,0,0,Very Dry
341,30.1,0,0,Very Dry
340,30.05,0,0,Very Dry
341,29.99,0,0,Very Dry
341,29.93,0,0,Very Dry
341,29.88,0,0,Very Dry
341,29.83,0,0,Very Dry
341,29.78,0,0,Very Dry
341,29.76,0,0,Very Dry
338,29.71,0,0,Very Dry
342,29.67,0,0,Very Dry
342,29.62,0,0,Very Dry
342,29.58,0,0,Very Dry
341,29.54,0,0,Very Dry
340,29.5,0,0,Very Dry
343,29.47,0,0,Very Dry
342,29.43,0,0,Very Dry
344,29.4,0,0,Very Dry
341,29.38,0,0,Very Dry
341,29.35,0,0,Very Dry
342,29.31,0,0,Very Dry
342,29.28,0,0,Very Dry
342,29.25,0,0,Very Dry
340,29.22,0,0,Very Dry
342,29.19,0,0,Very Dry
341,29.16,0,0,Very Dry
343,29.13,0,0,Very Dry
344,29.11,0,0,Very Dry
342,29.08,0,0,Very Dry
345,29.07,0,0,Very Dry
343,29.05,0,0,Very Dry
345,29.02,0,0,Very Dry
345,29,0,0,Very Dry
345,28.98,0,0,Very Dry
345,28.96,0,0,Very Dry
345,28.94,0,0,Very Dry
343,28.92,0,0,Very Dry
345,28.9,0,0,Very Dry
345,28.88,0,0,Very Dry
344,28.87,0,0,Very Dry
344,28.85,0,0,Very Dry
342,28.83,0,0,Very Dry
345,28.81,0,0,Very Dry
344,28.8,0,0,Very Dry
344,28.78,0,0,Very Dry
345,28.77,0,0,Very Dry
344,28.75,0,0,Very Dry
343,28.74,0,0,Very Dry
347,28.72,0,0,Very Dry
346,28.71,0,0,Very Dry
345,28.7,0,0,Very Dry
346,28.69,0,0,Very Dry
345,28.68,0,0,Very Dry
345,28.66,0,0,Very Dry
346,28.65,0,0,Very Dry
345,28.64,0,0,Very Dry
343,28.62,0,0,Very Dry
346,28.61,0,0,Very Dry
346,28.6,0,0,Very Dry
346,28.59,0,0,Very Dry
345,28.58,0,0,Very Dry
346,28.57,0,0,Very Dry
345,28.56,0,0,Very Dry
344,28.55,0,0,Very Dry
344,28.54,0,0,Very Dry
345,28.53,0,0,Very Dry
346,28.51,0,0,Very Dry
348,28.5,0,0,Very Dry
349,28.49,0,0,Very Dry
351,28.48,0,0,Very Dry
353,28.47,0,0,Very Dry
353,28.46,0,0,Very Dry
351,28.45,0,0,Very Dry
350,28.45,0,0,Very Dry
346,28.44,0,0,Very Dry
347,28.43,0,0,Very Dry
345,28.42,0,0,Very Dry
344,28.41,0,0,Very Dry
345,28.41,0,0,Very Dry
343,28.4,0,0,Very Dry
345,28.39,0,0,Very Dry
344,28.39,0,0,Very Dry
347,28.38,0,0,Very Dry
345,28.37,0,0,Very Dry
344,28.36,0,0,Very Dry
345,28.35,0,0,Very Dry
344,28.35,0,0,Very Dry
346,28.34,0,0,Very Dry
344,28.34,0,0,Very Dry
344,28.33,0,0,Very Dry
342,28.33,0,0,Very Dry
336,28.32,0,0,Very Dry
339,28.32,0,0,Very Dry
342,28.31,0,0,Very Dry
341,28.31,0,0,Very Dry
309,28.3,1,0,Dry
267,28.3,2,1,Wet
234,28.3,2,1,Wet
207,28.29,2,1,Wet
185,28.29,3,1,Very Wet
169,28.29,3,1,Very Wet
174,28.29,3,1,Very Wet
162,28.28,3,1,Very Wet
162,28.28,3,1,Very Wet
163,28.28,3,1,Very Wet
163,28.28,3,1,Very Wet
163,28.27,3,1,Very Wet
162,28.27,3,1,Very Wet
162,28.26,3,1,Very Wet
162,28.26,3,1,Very Wet
162,28.26,3,1,Very Wet
163,28.25,3,1,Very Wet
162,28.25,3,1,Very Wet
162,28.24,3,1,Very Wet
161,28.24,3,1,Very Wet
163,28.24,3,1,Very Wet
163,28.23,3,1,Very Wet
162,28.23,3,1,Very Wet
162,28.22,3,1,Very Wet
163,28.22,3,1,Very Wet
162,28.21,3,1,Very Wet
162,28.21,3,1,Very Wet
163,28.21,3,1,Very Wet
162,28.2,3,1,Very Wet
162,28.2,3,1,Very Wet
162,28.2,3,1,Very Wet
163,28.19,3,1,Very Wet
163,28.19,3,1,Very Wet
163,28.18,3,1,Very Wet
162,28.18,3,1,Very Wet
163,28.17,3,1,Very Wet
163,28.17,3,1,Very Wet
162,28.16,3,1,Very Wet
162,28.16,3,1,Very Wet
162,28.15,3,1,Very Wet
162,28.15,3,1,Very Wet
163,28.14,3,1,Very Wet
162,28.14,3,1,Very Wet
159,28.13,3,1,Very Wet
165,28.12,3,1,Very Wet
166,28.12,3,1,Very Wet
165,28.12,3,1,Very Wet
166,28.11,3,1,Very Wet
165,28.11,3,1,Very Wet
165,28.1,3,1,Very Wet
164,28.1,3,1,Very Wet
166,28.09,3,1,Very Wet
164,28.09,3,1,Very Wet
165,28.08,3,1,Very Wet
165,28.08,3,1,Very Wet
165,28.08,3,1,Very Wet
165,28.07,3,1,Very Wet
165,28.07,3,1,Very Wet
164,28.07,3,1,Very Wet
164,28.07,3,1,Very Wet
165,28.06,3,1,Very Wet
164,28.06,3,1,Very Wet
164,28.06,3,1,Very Wet
164,28.06,3,1,Very Wet
164,28.05,3,1,Very Wet
164,28.05,3,1,Very Wet
165,28.05,3,1,Very Wet
164,28.05,3,1,Very Wet
164,28.04,3,1,Very Wet
164,28.04,3,1,Very Wet
164,28.04,3,1,Very Wet
164,28.03,3,1,Very Wet
161,28.03,3,1,Very Wet
170,28.03,3,1,Very Wet
164,28.02,3,1,Very Wet
164,28.02,3,1,Very Wet
164,28.02,3,1,Very Wet
164,28.2,3,1,Very Wet
164,28.34,3,1,Very Wet
164,28.69,3,1,Very Wet
202,28.98,2,1,Wet
400,29.19,0,0,Very Dry
419,29.34,0,0,Very Dry
342,29.44,0,0,Very Dry
324,29.52,1,0,Dry
327,29.57,1,0,Dry
328,29.6,1,0,Dry
322,29.61,1,0,Dry
319,29.61,1,0,Dry
321,29.61,1,0,Dry
322,29.59,1,0,Dry
321,29.57,1,0,Dry
322,29.54,1,0,Dry
322,29.51,1,0,Dry
322,29.47,1,0,Dry
322,29.43,1,0,Dry
323,29.39,1,0,Dry
322,29.35,1,0,Dry
322,29.31,1,0,Dry
321,29.29,1,0,Dry
321,29.24,1,0,Dry
320,29.2,1,0,Dry
322,29.16,1,0,Dry
325,29.13,1,0,Dry
324,29.09,1,0,Dry
325,29.05,1,0,Dry
327,29.01,1,0,Dry
327,28.98,1,0,Dry
325,28.95,1,0,Dry
327,28.92,1,0,Dry
327,28.9,1,0,Dry
326,28.88,1,0,Dry
326,28.85,1,0,Dry
327,28.82,1,0,Dry
330,28.8,0,0,Very Dry
330,28.77,0,0,Very Dry
328,28.75,1,0,Dry
331,28.73,0,0,Very Dry
336,28.71,0,0,Very Dry
329,28.69,1,0,Dry
327,28.68,1,0,Dry
325,28.66,1,0,Dry
327,28.64,1,0,Dry
327,28.63,1,0,Dry
326,28.61,1,0,Dry
326,28.59,1,0,Dry
326,28.58,1,0,Dry
328,28.56,1,0,Dry
326,28.55,1,0,Dry
327,28.54,1,0,Dry
326,28.53,1,0,Dry
328,28.52,1,0,Dry
327,28.5,1,0,Dry
327,28.49,1,0,Dry
327,28.48,1,0,Dry
326,28.47,1,0,Dry
332,28.46,0,0,Very Dry
326,28.45,1,0,Dry
328,28.44,1,0,Dry
325,28.43,1,0,Dry
328,28.42,1,0,Dry
326,28.41,1,0,Dry
326,28.4,1,0,Dry
325,28.4,1,0,Dry
326,28.39,1,0,Dry
325,28.38,1,0,Dry
324,28.36,1,0,Dry
325,28.36,1,0,Dry
324,28.35,1,0,Dry
326,28.34,1,0,Dry
325,28.33,1,0,Dry
322,28.33,1,0,Dry
323,28.32,1,0,Dry
323,28.32,1,0,Dry
324,28.31,1,0,Dry
322,28.3,1,0,Dry
323,28.3,1,0,Dry
326,28.29,1,0,Dry
326,28.28,1,0,Dry
325,28.28,1,0,Dry
326,28.27,1,0,Dry
325,28.27,1,0,Dry
325,28.26,1,0,Dry
326,28.25,1,0,Dry
326,28.25,1,0,Dry
326,28.24,1,0,Dry
326,28.24,1,0,Dry
324,28.23,1,0,Dry
325,28.23,1,0,Dry
326,28.22,1,0,Dry
324,28.22,1,0,Dry
324,28.21,1,0,Dry
325,28.21,1,0,Dry
324,28.2,1,0,Dry
323,28.2,1,0,Dry
323,28.2,1,0,Dry
321,28.19,1,0,Dry
324,28.19,1,0,Dry
324,28.18,1,0,Dry
321,28.18,1,0,Dry
326,28.17,1,0,Dry
322,28.17,1,0,Dry
321,28.17,1,0,Dry
321,28.16,1,0,Dry
321,28.16,1,0,Dry
321,28.15,1,0,Dry
319,28.15,1,0,Dry
323,28.14,1,0,Dry
325,28.14,1,0,Dry
322,28.13,1,0,Dry
324,28.13,1,0,Dry
324,28.13,1,0,Dry
323,28.12,1,0,Dry
324,28.12,1,0,Dry
322,28.12,1,0,Dry
323,28.11,1,0,Dry
320,28.11,1,0,Dry
326,28.1,1,0,Dry
321,28.1,1,0,Dry
323,28.1,1,0,Dry
329,28.1,1,0,Dry
327,28.1,1,0,Dry
326,28.1,1,0,Dry
338,28.09,0,0,Very Dry
328,28.09,1,0,Dry
330,28.09,0,0,Very Dry
326,28.09,1,0,Dry
327,28.08,1,0,Dry
328,28.08,1,0,Dry
326,28.08,1,0,Dry
327,28.08,1,0,Dry
328,28.08,1,0,Dry
327,28.07,1,0,Dry
329,28.07,1,0,Dry
326,28.07,1,0,Dry
327,28.07,1,0,Dry
327,28.07,1,0,Dry
327,28.06,1,0,Dry
328,28.06,1,0,Dry
327,28.06,1,0,Dry
328,28.05,1,0,Dry
326,28.05,1,0,Dry
329,28.05,1,0,Dry
328,28.05,1,0,Dry
327,28.05,1,0,Dry
327,28.04,1,0,Dry
327,28.04,1,0,Dry
327,28.04,1,0,Dry
327,28.04,1,0,Dry
326,28.04,1,0,Dry
330,28.03,0,0,Very Dry
327,28.03,1,0,Dry
326,28.03,1,0,Dry
327,28.03,1,0,Dry
328,28.03,1,0,Dry
327,28.03,1,0,Dry
327,28.02,1,0,Dry
328,28.02,1,0,Dry
326,28.02,1,0,Dry
324,28.02,1,0,Dry
328,28.02,1,0,Dry
325,28.02,1,0,Dry
324,28.02,1,0,Dry
325,28.02,1,0,Dry
323,28.02,1,0,Dry
324,28.02,1,0,Dry
324,28.02,1,0,Dry
325,28.01,1,0,Dry
325,28.01,1,0,Dry
323,28.01,1,0,Dry
323,28.01,1,0,Dry
325,28.01,1,0,Dry
327,28,1,0,Dry
329,28,1,0,Dry
326,28,1,0,Dry
327,28,1,0,Dry
326,28,1,0,Dry
327,27.99,1,0,Dry
326,27.99,1,0,Dry
324,27.99,1,0,Dry
331,27.99,0,0,Very Dry
327,27.98,1,0,Dry
327,27.98,1,0,Dry
327,27.98,1,0,Dry
327,27.98,1,0,Dry
327,27.98,1,0,Dry
332,27.98,0,0,Very Dry
276,27.97,1,0,Dry
276,27.98,1,0,Dry
217,27.98,2,1,Wet
317,27.98,1,0,Dry
370,27.99,0,0,Very Dry
316,27.99,1,0,Dry
269,28,2,1,Wet
228,28.23,2,1,Wet
263,28.41,2,1,Wet
263,28.8,2,1,Wet
263,29.22,2,1,Wet
263,29.59,2,1,Wet
262,29.87,2,1,Wet
263,30.06,2,1,Wet
262,30.2,2,1,Wet
260,30.3,2,1,Wet
255,30.36,2,1,Wet
248,30.39,2,1,Wet
246,30.4,2,1,Wet
246,30.39,2,1,Wet
245,30.38,2,1,Wet
246,30.36,2,1,Wet
245,30.33,2,1,Wet
245,30.29,2,1,Wet
246,30.25,2,1,Wet
244,30.21,2,1,Wet
243,30.16,2,1,Wet
244,30.11,2,1,Wet
243,30.06,2,1,Wet
244,30.01,2,1,Wet
244,29.96,2,1,Wet
243,29.9,2,1,Wet
243,29.85,2,1,Wet
243,29.83,2,1,Wet
243,29.77,2,1,Wet
244,29.73,2,1,Wet
243,29.68,2,1,Wet
242,29.63,2,1,Wet
-243,178.7,2,1,Wet
243,29.54,2,1,Wet
243,29.5,2,1,Wet
242,29.46,2,1,Wet
243,29.42,2,1,Wet
241,29.38,2,1,Wet
243,29.34,2,1,Wet
241,29.32,2,1,Wet
242,29.28,2,1,Wet
243,29.25,2,1,Wet
242,29.21,2,1,Wet
241,29.18,2,1,Wet
242,29.14,2,1,Wet
240,29.11,2,1,Wet
241,29.08,2,1,Wet
241,29.05,2,1,Wet
240,29.02,2,1,Wet
239,28.99,2,1,Wet
242,28.96,2,1,Wet
241,28.95,2,1,Wet
240,28.92,2,1,Wet
240,28.9,2,1,Wet
240,28.88,2,1,Wet
240,28.85,2,1,Wet
240,28.83,2,1,Wet
240,28.81,2,1,Wet
241,28.84,2,1,Wet
240,29.06,2,1,Wet
240,29.37,2,1,Wet
239,29.71,2,1,Wet
240,30.05,2,1,Wet
228,30.19,2,1,Wet
200,30.41,2,1,Wet
179,30.58,3,1,Very Wet
170,30.69,3,1,Very Wet
170,30.77,3,1,Very Wet
170,30.81,3,1,Very Wet
167,30.84,3,1,Very Wet
170,30.84,3,1,Very Wet
170,30.82,3,1,Very Wet
170,30.8,3,1,Very Wet
170,30.77,3,1,Very Wet
167,30.72,3,1,Very Wet
166,30.67,3,1,Very Wet
170,30.65,3,1,Very Wet
167,30.6,3,1,Very Wet
167,30.55,3,1,Very Wet
167,30.48,3,1,Very Wet
167,30.43,3,1,Very Wet
166,30.36,3,1,Very Wet
167,30.3,3,1,Very Wet
167,30.24,3,1,Very Wet
167,30.18,3,1,Very Wet
167,30.12,3,1,Very Wet
167,30.06,3,1,Very Wet
167,30.01,3,1,Very Wet
172,29.98,3,1,Very Wet
167,29.93,3,1,Very Wet
167,29.88,3,1,Very Wet
168,29.83,3,1,Very Wet
168,29.78,3,1,Very Wet
167,29.74,3,1,Very Wet
167,29.69,3,1,Very Wet
168,29.65,3,1,Very Wet
167,29.61,3,1,Very Wet
167,29.58,3,1,Very Wet
167,29.54,3,1,Very Wet
167,29.51,3,1,Very Wet
167,29.49,3,1,Very Wet
167,29.46,3,1,Very Wet
167,29.43,3,1,Very Wet
167,29.4,3,1,Very Wet
167,29.37,3,1,Very Wet
167,29.35,3,1,Very Wet
167,29.32,3,1,Very Wet
167,29.3,3,1,Very Wet
167,29.27,3,1,Very Wet
167,29.25,3,1,Very Wet
167,29.23,3,1,Very Wet
169,29.21,3,1,Very Wet
167,29.2,3,1,Very Wet
167,29.18,3,1,Very Wet
168,29.16,3,1,Very Wet
168,29.14,3,1,Very Wet
167,29.12,3,1,Very Wet
167,29.1,3,1,Very Wet
166,29.08,3,1,Very Wet
168,29.06,3,1,Very Wet
167,29.05,3,1,Very Wet
167,29.03,3,1,Very Wet
168,29.01,3,1,Very Wet
167,29,3,1,Very Wet
167,28.98,3,1,Very Wet
167,28.98,3,1,Very Wet
167,28.96,3,1,Very Wet
167,28.95,3,1,Very Wet
166,28.93,3,1,Very Wet
170,28.92,3,1,Very Wet
163,28.9,3,1,Very Wet
167,28.89,3,1,Very Wet
167,28.87,3,1,Very Wet
167,28.86,3,1,Very Wet
167,28.84,3,1,Very Wet
167,28.83,3,1,Very Wet
167,28.81,3,1,Very Wet
167,28.81,3,1,Very Wet
167,28.79,3,1,Very Wet
167,28.78,3,1,Very Wet
167,28.77,3,1,Very Wet
167,28.75,3,1,Very Wet
167,28.74,3,1,Very Wet
167,28.73,3,1,Very Wet
168,28.72,3,1,Very Wet
167,28.71,3,1,Very Wet
167,28.7,3,1,Very Wet
167,28.68,3,1,Very Wet
167,28.67,3,1,Very Wet
168,28.66,3,1,Very Wet
167,28.65,3,1,Very Wet
167,28.64,3,1,Very Wet
167,28.63,3,1,Very Wet
168,28.62,3,1,Very Wet
167,28.6,3,1,Very Wet
167,28.59,3,1,Very Wet
167,28.58,3,1,Very Wet
167,28.57,3,1,Very Wet
220,28.56,2,1,Wet
459,28.55,0,0,Very Dry
470,28.55,0,0,Very Dry
367,28.54,0,0,Very Dry
304,28.53,1,0,Dry
259,28.52,2,1,Wet
220,28.63,2,1,Wet
248,28.9,2,1,Wet
248,29.24,2,1,Wet
250,29.57,2,1,Wet
249,29.83,2,1,Wet
250,30.01,2,1,Wet
248,30.15,2,1,Wet
249,30.25,2,1,Wet
249,30.32,2,1,Wet
249,30.34,2,1,Wet
250,30.37,2,1,Wet
249,30.39,2,1,Wet
250,30.39,2,1,Wet
250,30.38,2,1,Wet
250,30.36,2,1,Wet
250,30.33,2,1,Wet
249,30.3,2,1,Wet
249,30.27,2,1,Wet
251,30.23,2,1,Wet
250,30.19,2,1,Wet
250,30.16,2,1,Wet
249,30.14,2,1,Wet
250,30.1,2,1,Wet
252,30.06,2,1,Wet
248,30.01,2,1,Wet
249,29.97,2,1,Wet
249,29.93,2,1,Wet
250,29.89,2,1,Wet
248,29.85,2,1,Wet
249,29.81,2,1,Wet
249,29.77,2,1,Wet
250,29.73,2,1,Wet
250,29.7,2,1,Wet
249,29.66,2,1,Wet
249,29.64,2,1,Wet
249,29.61,2,1,Wet
249,29.57,2,1,Wet
249,29.54,2,1,Wet
249,29.5,2,1,Wet
250,29.47,2,1,Wet
249,29.44,2,1,Wet
250,29.42,2,1,Wet
251,29.39,2,1,Wet
250,29.36,2,1,Wet
249,29.33,2,1,Wet
249,29.3,2,1,Wet
251,29.29,2,1,Wet
250,29.27,2,1,Wet
251,29.24,2,1,Wet
250,29.22,2,1,Wet
250,29.19,2,1,Wet
254,29.17,2,1,Wet
250,29.15,2,1,Wet
250,29.13,2,1,Wet
249,29.11,2,1,Wet
250,29.09,2,1,Wet
250,29.07,2,1,Wet
250,29.07,2,1,Wet
249,29.15,2,1,Wet
249,29.41,2,1,Wet
250,29.72,2,1,Wet
250,30.04,2,1,Wet
250,30.36,2,1,Wet
257,30.61,2,1,Wet
208,30.78,2,1,Wet
182,30.9,3,1,Very Wet
170,30.98,3,1,Very Wet
168,31.03,3,1,Very Wet
168,31.05,3,1,Very Wet
168,31.05,3,1,Very Wet
168,31.04,3,1,Very Wet
167,31.03,3,1,Very Wet
168,31,3,1,Very Wet
166,30.97,3,1,Very Wet
167,30.93,3,1,Very Wet
167,30.89,3,1,Very Wet
167,30.84,3,1,Very Wet
168,30.79,3,1,Very Wet
166,30.74,3,1,Very Wet
167,30.69,3,1,Very Wet
167,30.64,3,1,Very Wet
166,30.59,3,1,Very Wet
167,30.54,3,1,Very Wet
161,30.51,3,1,Very Wet
164,30.46,3,1,Very Wet
167,30.41,3,1,Very Wet
167,30.35,3,1,Very Wet
168,30.3,3,1,Very Wet
167,30.25,3,1,Very Wet
167,30.21,3,1,Very Wet
167,30.16,3,1,Very Wet
167,30.12,3,1,Very Wet
167,30.07,3,1,Very Wet
167,30.03,3,1,Very Wet
167,29.99,3,1,Very Wet
168,29.97,3,1,Very Wet
167,29.93,3,1,Very Wet
167,29.89,3,1,Very Wet
167,29.86,3,1,Very Wet
167,29.82,3,1,Very Wet
167,29.79,3,1,Very Wet
167,29.75,3,1,Very Wet
167,29.72,3,1,Very Wet
167,29.69,3,1,Very Wet
167,29.66,3,1,Very Wet
167,29.63,3,1,Very Wet
167,29.6,3,1,Very Wet
167,29.58,3,1,Very Wet
167,29.55,3,1,Very Wet
167,29.52,3,1,Very Wet
167,29.5,3,1,Very Wet
170,29.47,3,1,Very Wet
166,29.44,3,1,Very Wet
167,29.42,3,1,Very Wet
167,29.4,3,1,Very Wet
167,29.37,3,1,Very Wet
167,29.35,3,1,Very Wet
168,29.33,3,1,Very Wet
168,29.3,3,1,Very Wet
167,29.28,3,1,Very Wet
330,29.27,0,0,Very Dry
441,29.25,0,0,Very Dry
369,29.22,0,0,Very Dry
302,29.2,1,0,Dry
263,29.18,2,1,Wet
216,29.16,2,1,Wet
243,29.15,2,1,Wet
244,29.13,2,1,Wet
243,29.11,2,1,Wet
243,29.09,2,1,Wet
243,29.08,2,1,Wet
243,29.07,2,1,Wet
244,29.05,2,1,Wet
244,29.03,2,1,Wet
243,29.01,2,1,Wet
243,29,2,1,Wet
243,28.98,2,1,Wet
243,28.97,2,1,Wet
243,28.95,2,1,Wet
242,28.94,2,1,Wet
239,28.92,2,1,Wet
240,28.91,2,1,Wet
238,28.89,2,1,Wet
240,28.88,2,1,Wet
238,28.87,2,1,Wet
239,28.85,2,1,Wet
238,28.84,2,1,Wet
238,28.82,2,1,Wet
239,28.8,2,1,Wet
238,28.79,2,1,Wet
238,28.77,2,1,Wet
238,28.76,2,1,Wet
237,28.74,2,1,Wet
237,28.73,2,1,Wet
238,28.72,2,1,Wet
239,28.71,2,1,Wet
241,28.7,2,1,Wet
239,28.68,2,1,Wet
238,28.67,2,1,Wet
238,28.66,2,1,Wet
238,28.65,2,1,Wet
239,28.64,2,1,Wet
237,28.63,2,1,Wet
238,28.62,2,1,Wet
239,28.61,2,1,Wet
237,28.6,2,1,Wet
238,28.59,2,1,Wet
240,28.58,2,1,Wet
238,28.57,2,1,Wet
238,28.56,2,1,Wet
237,28.55,2,1,Wet
238,28.55,2,1,Wet
238,28.54,2,1,Wet
238,28.53,2,1,Wet
237,28.52,2,1,Wet
238,28.51,2,1,Wet
238,28.5,2,1,Wet
237,28.49,2,1,Wet
238,28.48,2,1,Wet
238,28.47,2,1,Wet
237,28.47,2,1,Wet
237,28.46,2,1,Wet
238,28.45,2,1,Wet
231,28.44,2,1,Wet
238,28.43,2,1,Wet
237,28.42,2,1,Wet
237,28.41,2,1,Wet
238,28.4,2,1,Wet
239,28.39,2,1,Wet
237,28.38,2,1,Wet
238,28.37,2,1,Wet
238,28.36,2,1,Wet
239,28.36,2,1,Wet
238,28.35,2,1,Wet
237,28.34,2,1,Wet
238,28.33,2,1,Wet
238,28.32,2,1,Wet
238,28.31,2,1,Wet
238,28.3,2,1,Wet
238,28.29,2,1,Wet
238,28.28,2,1,Wet
238,28.28,2,1,Wet
235,28.27,2,1,Wet
238,28.26,2,1,Wet
238,28.26,2,1,Wet
237,28.25,2,1,Wet
238,28.24,2,1,Wet
238,28.23,2,1,Wet
239,28.22,2,1,Wet
238,28.22,2,1,Wet
237,28.21,2,1,Wet
237,28.2,2,1,Wet
236,28.19,2,1,Wet
237,28.19,2,1,Wet
237,28.18,2,1,Wet
237,28.17,2,1,Wet
238,28.17,2,1,Wet
244,28.16,2,1,Wet
238,28.15,2,1,Wet
237,28.14,2,1,Wet
239,28.13,2,1,Wet
237,28.13,2,1,Wet
238,28.12,2,1,Wet
237,28.11,2,1,Wet
237,28.11,2,1,Wet
238,28.1,2,1,Wet
237,28.09,2,1,Wet
238,28.09,2,1,Wet
238,28.08,2,1,Wet
237,28.08,2,1,Wet
237,28.07,2,1,Wet
237,28.06,2,1,Wet
237,28.06,2,1,Wet
238,28.05,2,1,Wet
238,28.05,2,1,Wet
237,28.04,2,1,Wet
238,28.04,2,1,Wet
238,28.03,2,1,Wet
237,28.02,2,1,Wet
231,28.02,2,1,Wet
193,28.02,3,1,Very Wet
174,28.01,3,1,Very Wet
167,28.06,3,1,Very Wet
166,28.33,3,1,Very Wet
166,28.68,3,1,Very Wet
166,29.06,3,1,Very Wet
166,29.44,3,1,Very Wet
166,29.82,3,1,Very Wet
167,30.14,3,1,Very Wet
224,30.37,2,1,Wet
388,30.53,0,0,Very Dry
318,30.6,1,0,Dry
272,30.69,1,0,Dry
246,30.75,2,1,Wet
306,30.78,1,0,Dry
403,30.79,0,0,Very Dry
404,30.79,0,0,Very Dry
329,30.77,1,0,Dry
279,30.74,1,0,Dry
240,30.7,2,1,Wet
204,30.66,2,1,Wet
243,30.61,2,1,Wet
244,30.59,2,1,Wet
244,30.54,2,1,Wet
256,30.48,2,1,Wet
245,30.43,2,1,Wet
244,30.38,2,1,Wet
244,30.32,2,1,Wet
244,30.27,2,1,Wet
245,30.22,2,1,Wet
243,30.17,2,1,Wet
243,30.12,2,1,Wet
241,30.07,2,1,Wet
241,30.02,2,1,Wet
240,29.99,2,1,Wet
238,29.95,2,1,Wet
241,29.9,2,1,Wet
240,29.85,2,1,Wet
240,29.81,2,1,Wet
239,29.76,2,1,Wet
239,29.72,2,1,Wet
239,29.68,2,1,Wet
240,29.64,2,1,Wet
240,29.6,2,1,Wet
240,29.56,2,1,Wet
240,29.53,2,1,Wet
240,29.51,2,1,Wet
240,29.47,2,1,Wet
238,29.44,2,1,Wet
239,29.41,2,1,Wet
237,29.37,2,1,Wet
237,29.34,2,1,Wet
237,29.31,2,1,Wet
209,29.28,2,1,Wet
186,29.25,3,1,Very Wet
170,29.22,3,1,Very Wet
167,29.2,3,1,Very Wet
167,29.17,3,1,Very Wet
167,29.16,3,1,Very Wet
167,29.14,3,1,Very Wet
167,29.11,3,1,Very Wet
166,29.09,3,1,Very Wet
167,29.07,3,1,Very Wet
166,29.05,3,1,Very Wet
167,29.03,3,1,Very Wet
167,29.01,3,1,Very Wet
168,28.99,3,1,Very Wet
167,28.97,3,1,Very Wet
167,28.95,3,1,Very Wet
167,28.93,3,1,Very Wet
167,28.92,3,1,Very Wet
166,28.91,3,1,Very Wet
166,28.89,3,1,Very Wet
167,28.87,3,1,Very Wet
166,28.85,3,1,Very Wet
166,28.83,3,1,Very Wet
167,28.82,3,1,Very Wet
167,28.8,3,1,Very Wet
166,28.78,3,1,Very Wet
167,28.77,3,1,Very Wet
167,28.75,3,1,Very Wet
179,28.74,3,1,Very Wet
167,28.73,3,1,Very Wet
167,28.72,3,1,Very Wet
167,28.7,3,1,Very Wet
166,28.69,3,1,Very Wet
166,28.67,3,1,Very Wet
167,28.66,3,1,Very Wet
167,28.65,3,1,Very Wet
167,28.63,3,1,Very Wet
167,28.62,3,1,Very Wet
167,28.61,3,1,Very Wet
167,28.59,3,1,Very Wet
168,28.58,3,1,Very Wet
164,28.58,3,1,Very Wet
166,28.56,3,1,Very Wet
166,28.55,3,1,Very Wet
167,28.54,3,1,Very Wet
166,28.53,3,1,Very Wet
167,28.51,3,1,Very Wet
167,28.5,3,1,Very Wet
167,28.49,3,1,Very Wet
167,28.48,3,1,Very Wet
167,28.47,3,1,Very Wet
167,28.45,3,1,Very Wet
167,28.44,3,1,Very Wet
167,28.44,3,1,Very Wet
167,28.42,3,1,Very Wet
166,28.41,3,1,Very Wet
167,28.4,3,1,Very Wet
168,28.39,3,1,Very Wet
167,28.38,3,1,Very Wet
167,28.37,3,1,Very Wet
167,28.36,3,1,Very Wet
166,28.35,3,1,Very Wet
168,28.34,3,1,Very Wet
166,28.33,3,1,Very Wet
166,28.32,3,1,Very Wet
166,28.32,3,1,Very Wet
165,28.31,3,1,Very Wet
165,28.3,3,1,Very Wet
165,28.29,3,1,Very Wet
2,178.7,3,1,Very Wet
185,28.27,3,1,Very Wet
185,28.26,3,1,Very Wet
185,28.26,3,1,Very Wet
204,28.25,2,1,Wet
188,28.24,3,1,Very Wet
189,28.24,3,1,Very Wet
177,28.23,3,1,Very Wet
176,28.23,3,1,Very Wet
176,28.22,3,1,Very Wet
176,28.22,3,1,Very Wet
176,28.21,3,1,Very Wet
175,28.2,3,1,Very Wet
174,28.27,3,1,Very Wet
5,178.7,3,1,Very Wet
5,178.7,3,1,Very Wet
175,29.17,3,1,Very Wet
176,29.47,3,1,Very Wet
175,29.69,3,1,Very Wet
239,29.85,2,1,Wet
239,29.91,2,1,Wet
240,30.01,2,1,Wet
240,30.08,2,1,Wet
240,30.12,2,1,Wet
240,30.15,2,1,Wet
240,30.16,2,1,Wet
243,30.15,2,1,Wet
241,30.14,2,1,Wet
241,30.12,2,1,Wet
241,30.1,2,1,Wet
241,30.06,2,1,Wet
242,30.03,2,1,Wet
242,29.99,2,1,Wet
242,29.97,2,1,Wet
242,29.93,2,1,Wet
243,29.89,2,1,Wet
242,29.85,2,1,Wet
241,29.8,2,1,Wet
243,29.76,2,1,Wet
244,29.72,2,1,Wet
243,29.68,2,1,Wet
243,29.64,2,1,Wet
252,29.6,2,1,Wet
206,29.56,2,1,Wet
185,29.52,3,1,Very Wet
177,29.5,3,1,Very Wet
177,29.47,3,1,Very Wet
176,29.43,3,1,Very Wet
256,29.4,2,1,Wet
279,29.37,1,0,Dry
425,29.34,0,0,Very Dry
434,29.3,0,0,Very Dry
349,29.27,0,0,Very Dry
330,29.24,0,0,Very Dry
334,29.21,0,0,Very Dry
330,29.18,0,0,Very Dry
376,29.17,0,0,Very Dry
333,29.14,0,0,Very Dry
336,29.12,0,0,Very Dry
336,29.1,0,0,Very Dry
336,29.08,0,0,Very Dry
336,29.05,0,0,Very Dry
333,29.03,0,0,Very Dry
334,29.01,0,0,Very Dry
332,28.99,0,0,Very Dry
338,28.97,0,0,Very Dry
339,28.96,0,0,Very Dry
343,28.94,0,0,Very Dry
339,28.92,0,0,Very Dry
337,28.9,0,0,Very Dry
342,28.88,0,0,Very Dry
336,28.86,0,0,Very Dry
339,28.84,0,0,Very Dry
339,28.82,0,0,Very Dry
339,28.81,0,0,Very Dry
337,28.79,0,0,Very Dry
339,28.77,0,0,Very Dry
338,28.77,0,0,Very Dry
340,28.75,0,0,Very Dry
339,28.74,0,0,Very Dry
342,28.72,0,0,Very Dry
347,28.71,0,0,Very Dry
347,28.69,0,0,Very Dry
345,28.68,0,0,Very Dry
340,28.67,0,0,Very Dry
340,28.65,0,0,Very Dry
339,28.64,0,0,Very Dry
342,28.63,0,0,Very Dry
342,28.62,0,0,Very Dry
342,28.6,0,0,Very Dry
341,28.59,0,0,Very Dry
343,28.57,0,0,Very Dry
344,28.56,0,0,Very Dry
343,28.54,0,0,Very Dry
343,28.53,0,0,Very Dry
342,28.52,0,0,Very Dry
342,28.51,0,0,Very Dry
341,28.5,0,0,Very Dry
340,28.49,0,0,Very Dry
345,28.48,0,0,Very Dry
344,28.47,0,0,Very Dry
339,28.46,0,0,Very Dry
342,28.44,0,0,Very Dry
344,28.43,0,0,Very Dry
344,28.42,0,0,Very Dry
344,28.41,0,0,Very Dry
345,28.4,0,0,Very Dry
343,28.39,0,0,Very Dry
343,28.39,0,0,Very Dry
344,28.38,0,0,Very Dry
344,28.37,0,0,Very Dry
344,28.36,0,0,Very Dry
344,28.36,0,0,Very Dry
346,28.35,0,0,Very Dry
343,28.34,0,0,Very Dry
344,28.33,0,0,Very Dry
345,28.33,0,0,Very Dry
344,28.32,0,0,Very Dry
345,28.32,0,0,Very Dry
343,28.31,0,0,Very Dry
344,28.3,0,0,Very Dry
344,28.3,0,0,Very Dry
343,28.29,0,0,Very Dry
342,28.29,0,0,Very Dry
342,28.28,0,0,Very Dry
343,28.27,0,0,Very Dry
342,28.27,0,0,Very Dry
340,28.26,0,0,Very Dry
342,28.26,0,0,Very Dry
342,28.25,0,0,Very Dry
342,28.24,0,0,Very Dry
343,28.24,0,0,Very Dry
342,28.23,0,0,Very Dry
341,28.22,0,0,Very Dry
344,28.22,0,0,Very Dry
344,28.21,0,0,Very Dry
342,28.4,0,0,Very Dry
344,28.75,0,0,Very Dry
345,28.94,0,0,Very Dry
345,29.35,0,0,Very Dry
345,29.75,0,0,Very Dry
344,30.14,0,0,Very Dry
343,30.51,0,0,Very Dry
344,30.85,0,0,Very Dry
344,31.17,0,0,Very Dry
344,31.47,0,0,Very Dry
342,31.74,0,0,Very Dry
341,31.98,0,0,Very Dry
350,32.16,0,0,Very Dry
368,32.22,0,0,Very Dry
397,32.31,0,0,Very Dry
283,32.36,1,0,Dry
286,32.38,1,0,Dry
248,32.37,2,1,Wet
197,32.35,3,1,Very Wet
240,32.32,2,1,Wet
240,32.27,2,1,Wet
240,32.21,2,1,Wet
240,32.15,2,1,Wet
240,32.08,2,1,Wet
239,32,2,1,Wet
224,31.97,2,1,Wet
225,31.89,2,1,Wet
210,31.82,2,1,Wet
191,31.74,3,1,Very Wet
179,31.66,3,1,Very Wet
174,31.59,3,1,Very Wet
176,31.51,3,1,Very Wet
177,31.44,3,1,Very Wet
176,31.37,3,1,Very Wet
177,31.3,3,1,Very Wet
177,31.24,3,1,Very Wet
182,31.3,3,1,Very Wet
178,31.45,3,1,Very Wet
179,31.54,3,1,Very Wet
182,31.66,3,1,Very Wet
176,31.73,3,1,Very Wet
182,31.77,3,1,Very Wet
179,31.79,3,1,Very Wet
179,31.79,3,1,Very Wet
179,31.77,3,1,Very Wet
214,31.74,2,1,Wet
187,31.7,3,1,Very Wet
183,31.65,3,1,Very Wet
181,31.6,3,1,Very Wet
178,31.55,3,1,Very Wet
177,31.52,3,1,Very Wet
177,31.46,3,1,Very Wet
177,31.4,3,1,Very Wet
176,31.35,3,1,Very Wet
177,31.29,3,1,Very Wet
176,31.23,3,1,Very Wet
176,31.17,3,1,Very Wet
176,31.11,3,1,Very Wet
164,31.05,3,1,Very Wet
414,30.99,0,0,Very Dry
344,30.94,0,0,Very Dry
288,30.88,1,0,Dry
245,30.85,2,1,Wet
211,30.8,2,1,Wet
265,30.74,2,1,Wet
264,30.69,2,1,Wet
264,30.64,2,1,Wet
266,30.6,2,1,Wet
266,30.55,2,1,Wet
264,30.5,2,1,Wet
266,30.46,2,1,Wet
266,30.42,2,1,Wet
264,30.38,2,1,Wet
265,30.33,2,1,Wet
264,30.31,2,1,Wet
264,30.28,2,1,Wet
266,30.24,2,1,Wet
265,30.2,2,1,Wet
264,30.16,2,1,Wet
264,30.13,2,1,Wet
265,30.09,2,1,Wet
265,30.06,2,1,Wet
263,30.02,2,1,Wet
253,29.98,2,1,Wet
264,29.95,2,1,Wet
265,29.92,2,1,Wet
263,29.88,2,1,Wet
256,29.86,2,1,Wet
256,29.83,2,1,Wet
250,29.8,2,1,Wet
253,29.76,2,1,Wet
253,29.74,2,1,Wet
252,29.71,2,1,Wet
246,29.68,2,1,Wet
254,29.66,2,1,Wet
252,29.63,2,1,Wet
253,29.61,2,1,Wet
252,29.58,2,1,Wet
253,29.56,2,1,Wet
253,29.55,2,1,Wet
252,29.53,2,1,Wet
252,29.51,2,1,Wet
252,29.48,2,1,Wet
252,29.46,2,1,Wet
254,29.44,2,1,Wet
252,29.42,2,1,Wet
253,29.4,2,1,Wet
253,29.39,2,1,Wet
252,29.37,2,1,Wet
253,29.35,2,1,Wet
252,29.33,2,1,Wet
252,29.32,2,1,Wet
252,29.3,2,1,Wet
252,29.28,2,1,Wet
252,29.27,2,1,Wet
252,29.25,2,1,Wet
254,29.23,2,1,Wet
252,29.22,2,1,Wet
252,29.2,2,1,Wet
252,29.18,2,1,Wet
252,29.17,2,1,Wet
252,29.15,2,1,Wet
252,29.14,2,1,Wet
252,29.13,2,1,Wet
253,29.11,2,1,Wet
253,29.1,2,1,Wet
254,29.08,2,1,Wet
252,29.07,2,1,Wet
252,29.06,2,1,Wet
251,29.04,2,1,Wet
249,29.03,2,1,Wet
248,29.01,2,1,Wet
249,29,2,1,Wet
248,28.98,2,1,Wet
249,28.97,2,1,Wet
250,28.96,2,1,Wet
249,28.95,2,1,Wet
250,28.93,2,1,Wet
249,28.92,2,1,Wet
250,28.9,2,1,Wet
250,28.89,2,1,Wet
246,28.87,2,1,Wet
243,28.85,2,1,Wet
244,28.83,2,1,Wet
243,28.82,2,1,Wet
245,28.81,2,1,Wet
245,28.8,2,1,Wet
244,28.79,2,1,Wet
245,28.78,2,1,Wet
244,28.77,2,1,Wet
245,28.76,2,1,Wet
245,28.75,2,1,Wet
245,28.74,2,1,Wet
245,28.73,2,1,Wet
245,28.71,2,1,Wet
245,28.71,2,1,Wet
246,28.69,2,1,Wet
245,28.68,2,1,Wet
244,28.67,2,1,Wet
245,28.67,2,1,Wet
245,28.66,2,1,Wet
244,28.65,2,1,Wet
244,28.64,2,1,Wet
245,28.62,2,1,Wet
245,28.61,2,1,Wet
245,28.6,2,1,Wet
243,28.59,2,1,Wet
244,28.58,2,1,Wet
244,28.57,2,1,Wet
243,28.56,2,1,Wet
244,28.55,2,1,Wet
247,28.54,2,1,Wet
243,28.53,2,1,Wet
245,28.52,2,1,Wet
244,28.51,2,1,Wet
244,28.5,2,1,Wet
244,28.49,2,1,Wet
245,28.48,2,1,Wet
244,28.48,2,1,Wet
244,28.47,2,1,Wet
244,28.46,2,1,Wet
233,28.45,2,1,Wet
244,28.44,2,1,Wet
244,28.43,2,1,Wet
245,28.42,2,1,Wet
244,28.41,2,1,Wet
244,28.4,2,1,Wet
243,28.4,2,1,Wet
243,28.39,2,1,Wet
244,28.38,2,1,Wet
244,28.37,2,1,Wet
245,28.36,2,1,Wet
244,28.35,2,1,Wet
245,28.34,2,1,Wet
244,28.34,2,1,Wet
244,28.33,2,1,Wet
245,28.32,2,1,Wet
244,28.41,2,1,Wet
243,28.7,2,1,Wet
228,28.98,2,1,Wet
213,29.18,2,1,Wet
190,29.33,3,1,Very Wet
176,29.44,3,1,Very Wet
175,29.52,3,1,Very Wet
174,29.57,3,1,Very Wet
173,29.6,3,1,Very Wet
174,29.62,3,1,Very Wet
173,29.63,3,1,Very Wet
173,29.63,3,1,Very Wet
173,29.62,3,1,Very Wet
173,29.61,3,1,Very Wet
173,29.59,3,1,Very Wet
173,29.57,3,1,Very Wet
172,29.54,3,1,Very Wet
173,29.51,3,1,Very Wet
174,29.49,3,1,Very Wet
171,29.46,3,1,Very Wet
172,29.43,3,1,Very Wet
172,29.4,3,1,Very Wet
172,29.38,3,1,Very Wet
172,29.35,3,1,Very Wet
172,29.32,3,1,Very Wet
173,29.29,3,1,Very Wet
173,29.26,3,1,Very Wet
172,29.23,3,1,Very Wet
173,29.2,3,1,Very Wet
164,29.17,3,1,Very Wet
171,29.14,3,1,Very Wet
172,29.11,3,1,Very Wet
172,29.08,3,1,Very Wet
172,29.06,3,1,Very Wet
171,29.04,3,1,Very Wet
172,29.02,3,1,Very Wet
172,28.99,3,1,Very Wet
172,28.97,3,1,Very Wet
171,28.95,3,1,Very Wet
172,28.92,3,1,Very Wet
172,28.9,3,1,Very Wet
172,28.88,3,1,Very Wet
172,28.86,3,1,Very Wet
171,28.84,3,1,Very Wet
176,28.82,3,1,Very Wet
171,28.8,3,1,Very Wet
171,28.79,3,1,Very Wet
172,28.77,3,1,Very Wet
171,28.75,3,1,Very Wet
172,28.73,3,1,Very Wet
172,28.71,3,1,Very Wet
171,28.7,3,1,Very Wet
172,28.68,3,1,Very Wet
172,28.66,3,1,Very Wet
172,28.65,3,1,Very Wet
171,28.63,3,1,Very Wet
172,28.62,3,1,Very Wet
171,28.6,3,1,Very Wet
171,28.59,3,1,Very Wet
172,28.58,3,1,Very Wet
172,28.57,3,1,Very Wet
172,28.55,3,1,Very Wet
171,28.54,3,1,Very Wet
172,28.53,3,1,Very Wet
171,28.52,3,1,Very Wet
171,28.5,3,1,Very Wet
171,28.49,3,1,Very Wet
171,28.48,3,1,Very Wet
171,28.47,3,1,Very Wet
172,28.46,3,1,Very Wet
171,28.45,3,1,Very Wet
171,28.44,3,1,Very Wet
172,28.43,3,1,Very Wet
171,28.42,3,1,Very Wet
171,28.41,3,1,Very Wet
172,28.39,3,1,Very Wet
171,28.38,3,1,Very Wet
435,28.37,0,0,Very Dry
466,28.36,0,0,Very Dry
363,28.35,0,0,Very Dry
360,28.36,0,0,Very Dry
3,178.7,3,1,Very Wet
361,28.74,0,0,Very Dry
362,29.12,0,0,Very Dry
2,178.7,3,1,Very Wet
360,29.92,0,0,Very Dry
362,30.23,0,0,Very Dry
362,30.46,0,0,Very Dry
362,30.64,0,0,Very Dry
359,30.77,0,0,Very Dry
368,30.85,0,0,Very Dry
355,30.91,0,0,Very Dry
350,30.93,0,0,Very Dry
347,30.95,0,0,Very Dry
342,30.95,0,0,Very Dry
343,30.93,0,0,Very Dry
343,30.9,0,0,Very Dry
342,30.86,0,0,Very Dry
344,30.82,0,0,Very Dry
344,30.77,0,0,Very Dry
345,30.72,0,0,Very Dry
344,30.67,0,0,Very Dry
338,30.64,0,0,Very Dry
337,30.58,0,0,Very Dry
338,30.52,0,0,Very Dry
336,30.46,0,0,Very Dry
331,30.41,0,0,Very Dry
332,30.35,0,0,Very Dry
331,30.3,0,0,Very Dry
333,30.25,0,0,Very Dry
332,30.2,0,0,Very Dry
333,30.15,0,0,Very Dry
334,30.1,0,0,Very Dry
330,30.07,0,0,Very Dry
326,30.03,1,0,Dry
320,29.98,1,0,Dry
323,29.94,1,0,Dry
331,29.89,0,0,Very Dry
330,29.85,0,0,Very Dry
330,29.81,0,0,Very Dry
328,29.77,1,0,Dry
336,29.73,0,0,Very Dry
329,29.69,1,0,Dry
330,29.66,0,0,Very Dry
330,29.64,0,0,Very Dry
329,29.6,1,0,Dry
329,29.57,1,0,Dry
329,29.54,1,0,Dry
329,29.5,1,0,Dry
329,29.47,1,0,Dry
328,29.44,1,0,Dry
329,29.41,1,0,Dry
327,29.38,1,0,Dry
328,29.36,1,0,Dry
327,29.34,1,0,Dry
328,29.31,1,0,Dry
328,29.29,1,0,Dry
327,29.26,1,0,Dry
323,29.28,1,0,Dry
